id	hash	time	median_time	size	stripped_size	weight	version	version_hex	version_bits	merkle_root	nonce	bits	difficulty	chainwork	coinbase_data_hex	transaction_count	witness_count	input_count	output_count	input_total	input_total_usd	output_total	output_total_usd	fee_total	fee_total_usd	fee_per_kb	fee_per_kb_usd	fee_per_kwu	fee_per_kwu_usd	cdd_total	generation	generation_usd	reward	reward_usd	guessed_miner
885928	000000000000000000010f5f107d271026b6515cc81a4d384496502ed19a78df	2025-03-02 00:04:55	2025-03-01 23:45:53	1884481	702831	3992974	860569604	334b4004	110011010010110100000000000100	ce6811077beeb3200c27ab3cbbb6309abbfc62bebed8472a3ab47fa5ea313839	2887938164	386042801	110568428300950	0000000000000000000000000000000000000000b199c451f1749e2f65bca53e	03a8840d04a7a0c3672f53424943727970746f2e636f6d20506f6f6c2f098746f2408d29962f600000	1461	1333	11494	4579	185663995126	159665472	185976495126	159934208	2330660	2004.2977	1236.9546	1.0638	583.8435	0.5022	7516.1748474974	312500000	268740.625	314830660	270744.9375	SBICrypto
885929	00000000000000000001abc2052b19647ebdd37d66c39b75490eb121105b1088	2025-03-02 00:14:16	2025-03-01 23:47:54	1889429	701373	3993548	590733312	2335e000	100011001101011110000000000000	8c7f8c84519ba97d3c5d1686232f66dd27f39f981f331e748ae2d81ef09f21bc	2620660239	386042801	110568428300950	0000000000000000000000000000000000000000b19a28e20de9253c9eb3730c	03a9840d182f5669614254432f4d696e6564206279207761753737372f2cfabe6d6dcc9b12a35f559b2b4bd5bd7fc278f56c01d1ebaeeb11fdd54fd3bb07b883f157100000000000000012d616bfd85bcb3e3d651113eeda65b365000000000000	1686	1548	11296	4987	2360055168311	2029576704	2360367668311	2029845376	2580272	2218.9565	1365.946	1.1747	646.3704	0.5555	23718.165593518	312500000	268740.625	315080272	270959.5938	ViaBTC
885930	00000000000000000001f37e0f79cd945a3b2334827a5c24b1fa4a37fac4acd2	2025-03-02 00:20:38	2025-03-01 23:50:07	1975034	674247	3997775	973078528	3a000000	111010000000000000000000000000	204f94ef17fad25db3daa09a8061968728692efd6f38328fe0362250ba599919	2863398476	386042801	110568428300950	0000000000000000000000000000000000000000b19a8d722a5dac49d7aa40da	03aa840d2cfabe6d6d6dd85f6f0aeca22d1ea59fe6ec750677caa5785e0798921fa4ffce4f5d75797b10000000f09f909f092f4632506f6f6c2f6200000000000000000000000000000000000000000000000000000000000000000000000500609e1e00	1286	1203	12390	3707	181576770637	156150576	181889270637	156419312	2049464	1762.4775	1037.9839	0.8926	512.92883	0.4412	2905.4543364134	312500000	268740.625	314549464	270503.0938	F2Pool
885931	0000000000000000000006f37aea5ce3fd44ed6fa0a87407c5ee764b32e321ed	2025-03-02 00:43:21	2025-03-01 23:53:44	1478259	839963	3998148	793591808	2f4d4000	101111010011010100000000000000	28685b24b5db1b96b4f4b2832479c627ed24dca5f7e54084531750a4320e7e19	983122398	386042801	110568428300950	0000000000000000000000000000000000000000b19af20246d2335710a10ea8	03ab840d2cfabe6d6ddc722490ff5bfc253a31bb66fb99b9d04ef497a1f569d563ceb9a6dbd03289a710000000f09f909f092f4632506f6f6c2f670000000000000000000000000000000000000000000000000000000000000000000000050060e00100	3052	2808	7360	9633	813776485934	699823360	814088985934	700092096	4626993	3979.0752	3131.2317	2.6926	1157.9108	0.9958	16202.848543607	312500000	268740.625	317126993	272719.6875	F2Pool
885932	000000000000000000025744482b448eabef6a83d4f5d7d0ad1a7bb9617de831	2025-03-02 00:47:03	2025-03-01 23:57:13	1976231	673968	3998135	738033664	2bfd8000	101011111111011000000000000000	f46101bcab4c44cb79b02a711cf038a87aa4cef4050f0d982c78eae0819fcfd4	1728587850	386042801	110568428300950	0000000000000000000000000000000000000000b19b56926346ba644997dc76	03ac840d2cfabe6d6d833d39881cfc6d48a0322f3fe8feac86dcd9e1eef6bccebe20224da1805b695a10000000f09f909f092f4632506f6f6c2f6c00000000000000000000000000000000000000000000000000000000000000000000000500df400000	1064	998	12428	3494	112775295926	96983368	113087795926	97252112	1736721	1493.528	879.0573	0.7559	434.618	0.3741	997.17385836079	312500000	268740.625	314236721	270234.1562	F2Pool
885933	000000000000000000019a8fe378418226ea903b1a171f3cceb13fceba28cdb6	2025-03-02 01:13:02	2025-03-02 00:04:55	1393839	866527	3993420	637534208	26000000	100110000000000000000000000000	c6a18264dabc4bc90754941d8a8d244161b4370142d0d0ea6fd58f500318b91b	2459783622	386042801	110568428300950	0000000000000000000000000000000000000000b19bbb227fbb4171828eaa44	03ad840d192f5669614254432f4d696e656420627920746168657235362f2cfabe6d6dc3857c50310639db36fcae54cf0dcf04417902cdb0608051b069e527d8380a25100000000000000010dc17cb007a86e59303b13198ca61470000000000	2191	1911	7132	7301	706306807806	607402688	706619307806	607671424	98064697	84332.6953	70377.44	60.5221	24566.438	21.126	15615.530916215	312500000	268740.625	410564697	353073.3125	ViaBTC
885934	0000000000000000000136138c2e87f4e191cb58afb56a253a1a8474fe323e8e	2025-03-02 01:25:27	2025-03-02 00:14:16	1584971	802855	3993536	752123904	2cd48000	101100110101001000000000000000	23c0eb19a8110316d0e732ab83b81070367641d34f61213c0aaf8736d970376c	3806495314	386042801	110568428300950	0000000000000000000000000000000000000000b19c1fb29c2fc87ebb857812	03ae840d192f5669614254432f4d696e656420627920746d70303733372f2cfabe6d6d9169350b5be02efef1931a6ab52d539b48883c323e63f18f7a67b524f06f7ae61000000000000000101518c800b2669e9395426832d101000000000000	3250	2984	7629	10466	387409360372	333160416	387721860372	333429184	4584905	3942.8809	2893.5188	2.4888	1148.5428	0.9881	43256.343289558	312500000	268740.625	317084905	272683.5	ViaBTC
885935	0000000000000000000233a9b36fe460c5b65caf2b4414e71386f37528fe3202	2025-03-02 01:26:26	2025-03-02 00:20:38	1882518	703586	3993276	676462592	28520000	101000010100100000000000000000	52f77e1ae6722b323bfc9dd4927eedefd602f07bdb09686eb7963adfeebba2f0	3150431830	386042801	110568428300950	0000000000000000000000000000000000000000b19c8442b8a44f8bf47c45e0	03af840d04c3b3c3672f466f756e6472792055534120506f6f6c202364726f70676f6c642f4807126200000f712b000000	582	549	12790	2924	49504841951	42572680	49817341951	42841420	1276730	1097.9495	678.3691	0.5831	319.85867	0.2752	935.90540385751	312500000	268740.625	313776730	269838.5625	Foundry USA Pool
885936	00000000000000000000c3c5bd1fc70ff63ea99944ab010fefd344b871afdaeb	2025-03-02 01:30:20	2025-03-02 00:43:21	1954230	679758	3993504	733020160	2bb10000	101011101100010000000000000000	ee940be4706191914a799ae82f1088e45a564b4665f43dd08af217f34a4ea3e7	1955377730	386042801	110568428300950	0000000000000000000000000000000000000000b19ce8d2d518d6992d7313ae	03b0840d04acb4c3672f466f756e6472792055534120506f6f6c202364726f70676f6c642f4a04ce7a4d01000000000000	803	723	12777	2577	73412224578	63132312	73724724578	63401052	1807653	1554.5273	925.21277	0.7955	452.84476	0.3896	571.84900749241	312500000	268740.625	314307653	270295.1562	Foundry USA Pool
885937	000000000000000000027a891d4454c7d7f71a343e0b8b649bf394492fa2b460	2025-03-02 01:31:37	2025-03-02 00:47:03	2056580	645478	3993014	712425472	2a76c000	101010011101101100000000000000	9db4b0e7fc9d35b7d29b255e138546149be984a5b2e50cb370428c02759a9dec	4183452688	386042801	110568428300950	0000000000000000000000000000000000000000b19d4d62f18d5da66669e17c	03b1840d04e3b4c3677c204d415241204d61646520696e2055534120f09f87baf09f87b8207c763032fabe6d6d4d02f9a511e46e177b0669a8f026757623f58f0605d0b4ddd26f064f2527eaab010000000000000012501c3aa50000000000ffffffff	201	192	13951	881	10113350075	8697178	10425850075	8965918	1132439	973.8636	550.73505	0.4738	283.6963	0.2442	506.75681956319	312500000	268740.625	313632439	269714.5	Unknown
885938	0000000000000000000002002c20d08783a9a7672ea188b060b45df51db88c28	2025-03-02 01:36:41	2025-03-02 01:13:02	1998426	665087	3993687	537411584	20084000	100000000010000100000000000000	7dea4728d775748f982956d811acec07897e701e22b44f4a08e9bfbe247108f8	1053615511	386042801	110568428300950	0000000000000000000000000000000000000000b19db1f30e01e4b39f60af4a	03b2840d1b4d696e656420627920416e74506f6f6c3837343a00000301d559e0fabe6d6dd7737b2621cefd11be7ec0355607efbff4063fff8f6e6564ddf16a89fefe33b4100000000000000000004ceb7b96000000000000	1057	966	12595	3371	264460897243	227428432	264773397243	227697184	1998407	1718.5701	1000.2438	0.86	500.63168	0.4308	9003.6823302395	312500000	268740.625	314498407	270459.1875	AntPool
885939	000000000000000000022a2183c325f4aeab4765569159ac658f5f305fb69fbc	2025-03-02 01:48:07	2025-03-02 01:25:27	1757145	745225	3992820	633397248	25c0e000	100101110000001110000000000000	f703f2665ec594f15c6eedc31b24e70cb50297b1eb2e05cf1c8d00093877fee2	3896567924	386042801	110568428300950	0000000000000000000000000000000000000000b19e16832a766bc0d8577d18	03b3840d04dbb8c3677c204d415241204d61646520696e2055534120f09f87baf09f87b8207c763032fabe6d6db76e4051474df3abe179e4b89ce49c1ecef8d7caad72eba3af8b35d58fec564d010000000000000013c4ae90d60019f30000ffffffff	1887	1723	10273	6201	608303258064	523122560	608615758064	523391296	2930078	2519.7793	1667.8542	1.4344	734.0743	0.6312	38860.227927567	312500000	268740.625	315430078	271260.4062	Unknown
885940	00000000000000000000830b4919f44a05bfc690d5367d222e60451a1734c042	2025-03-02 02:00:22	2025-03-02 01:26:26	1824046	723097	3993337	536879104	20002000	100000000000000010000000000000	9d1200c37e6c40a5d45ecf8db016d8453f941e846cecd6e38038c24e49133d5f	1304620943	386042801	110568428300950	0000000000000000000000000000000000000000b19e7b1346eaf2ce114e4ae6	03b4840d21202020204d696e656420627920536563706f6f6c20202020700011070a4dc67d02fabe6d6d3c81b66fa04e24b283c294eab290445d4eb8d99cd3a30d53d67c11b4210af8a41000000000000000d0fc0000b40d2400	2051	1893	10139	6581	347867693823	299155776	348180193823	299424512	2918374	2509.7141	1600.3656	1.376	731.14185	0.6286	14247.859957851	312500000	268740.625	315418374	271250.3438	Unknown
885941	00000000000000000000770dbd9a56cba9a922a976ef52a9c413611978ddc9e4	2025-03-02 02:01:05	2025-03-02 01:30:20	2119885	624489	3993352	635461632	25e06000	100101111000000110000000000000	1ae988fc48311d267aad5f384b3951d2e4d853cfcbff279bc6fca25de57a0a88	246090640	386042801	110568428300950	0000000000000000000000000000000000000000b19edfa3635f79db4a4518b4	03b5840d04e2bbc3672f466f756e6472792055534120506f6f6c202364726f70676f6c642f348402fc5b10000000000000	315	295	14058	946	57676242212	49599840	57988742212	49868580	1298047	1116.2815	612.45245	0.5263	325.19302	0.2795	83.976471868081	312500000	268740.625	313798047	269856.9062	Foundry USA Pool
885942	0000000000000000000127d63cc1ec408c2b9b09b6b508dc6b6a928cf05e6000	2025-03-02 02:04:24	2025-03-02 01:31:37	2042288	650376	3993416	854663168	32f12000	110010111100010010000000000000	76d95274dde2214782f25d549361ecba14eb47da2d9b3c85acfe5e0b77180cf1	397473894	386042801	110568428300950	0000000000000000000000000000000000000000b19f44337fd400e8833be682	03b6840d194d696e656420627920416e74506f6f6c20b9002c040bbf0ac9fabe6d6d44170d0def8453534ff3e9d5bee30d8218156591908b41d93238f5d38911c0fd100000000000000091ce0000c543000000000000	709	651	13518	1775	91643979162	78811072	91956479162	79079816	1632139	1403.5906	799.3691	0.6871	408.90286	0.3517	2965.0480073946	312500000	268740.625	314132139	270144.2188	AntPool
885943	00000000000000000000a951aef62944d8c68cacbf511ce56cc97783751a36e5	2025-03-02 02:06:03	2025-03-02 01:36:41	1940604	684344	3993636	623960064	2530e000	100101001100001110000000000000	5fe151b44eabb63f721cef0dd6f334b3005d9936584d64c58a5d31a26bb146eb	3785146087	386042801	110568428300950	0000000000000000000000000000000000000000b19fa8c39c4887f5bc32b450	03b7840d1a4d696e656420627920416e74506f6f6c20b9002f060c55983801fabe6d6d32cb98012c6cdf70b22417c6ad83c5d78b1679add13d2ad47459e059ca7b2022100000000000000049140000d21c000000000000	414	374	15208	1112	48356610858	41585236	48669110858	41853976	1475814	1269.1558	760.69006	0.6544	369.71844	0.3182	1963.545608924	312500000	268740.625	313975814	270009.7812	AntPool
885944	000000000000000000009411af7781bbd0155a6598df8acebc65c1d3aaa1f2f1	2025-03-02 02:08:23	2025-03-02 01:48:07	2100415	632418	3997669	686743552	28eee000	101000111011101110000000000000	d5e6c75d36c28f36f8dcb289071a05208fa22e456295f9f616dd7438f9399a84	2133868723	386042801	110568428300950	0000000000000000000000000000000000000000b1a00d53b8bd0f02f529821e	03b8840d2cfabe6d6ddb3cfbdbf527f613d83aaa9fadd2acc9646dcafbc5aa6b2b0d29353add4d936f10000000f09f909f092f4632506f6f6c2f67000000000000000000000000000000000000000000000000000000000000000000000005007cd44a21	446	417	13584	1390	61602914392	52976660	61915414392	53245400	1561120	1342.5164	743.44464	0.639	390.7191	0.3362	693.33938179975	312500000	268740.625	314061120	270083.1562	F2Pool
885945	00000000000000000001b953f5f5a8ea0cc6f1b1bb71a2f4c744ab872570654f	2025-03-02 02:09:23	2025-03-02 02:00:22	1842712	717025	3993787	732782592	2bad6000	101011101011010110000000000000	31df420134a05b658dc8ad03e3a0ef1e53ec73c487d778f3705b9f33f4339120	3365485212	386042801	110568428300950	0000000000000000000000000000000000000000b1a071e3d53196102e204fec	03b9840d1a4d696e656420627920416e74506f6f6c204d009a010d86d21b01fabe6d6d14656b6212396fb572cc6612369cc9aa8ae006f3471d4e975b5ce3b6a221754a08000000000000000c5e00001b0e000000000000	248	239	16649	727	43077045620	37044968	43389545620	37313708	1266037	1088.7538	687.2385	0.5908	317.15283	0.2726	71.916100965414	312500000	268740.625	313766037	269829.375	AntPool
885946	0000000000000000000010bb27ed04762f6bd74ec398d02f825db4ea14717dca	2025-03-02 02:31:35	2025-03-02 02:01:05	1636437	785798	3993831	547651584	20a48000	100000101001001000000000000000	a57d044d1b3ac4c6e817ffc25ba7d1d68df220dd4fd51e3fd51f6203f8d1c53b	2616006531	386042801	110568428300950	0000000000000000000000000000000000000000b1a0d673f1a61d1d67171dba	03ba840d1a4d696e656420627920416e74506f6f6c20b900170515771bb701fabe6d6d6dc14bb5cfc75df66ff37fbaf64c7fd42eee9f99c5be4aa0bd032cad1410d927100000000000000024da0000d421000000000000	2533	2280	8313	8213	633103751622	544450240	633416251622	544718976	6556510	5638.4019	4007.8132	3.4468	1642.4457	1.4121	6465.491084174	312500000	268740.625	319056510	274379.0312	AntPool
885947	000000000000000000008cc8bfdb770f15d4336b6361bd3a0a994f523791ad2a	2025-03-02 02:34:41	2025-03-02 02:04:24	1968658	675006	3993676	564371456	21a3a000	100001101000111010000000000000	2638ee38e637aa3fadac08fde6fd5d9f62a601fe37e15669c533e9119a1fda5f	3235428962	386042801	110568428300950	0000000000000000000000000000000000000000b1a13b040e1aa42aa00deb88	03bb840d20202020204d696e656420627920536563706f6f6c20202020700010001692de37fabe6d6d399daa3e5cef7afdceb0c1186e37792155b1c8721fdb25843f6454b104e4771f1000000000000000baed0000a1000000	1403	1302	9927	4574	84845056787	72964200	85157556787	73232944	2086218	1794.0848	1059.9731	0.9116	522.61646	0.4498	6821.9378425392	312500000	268740.625	314586218	270534.7188	Unknown
885948	000000000000000000004f963c4c92ea90005a272d08773b7f139831d38cf126	2025-03-02 02:41:20	2025-03-02 02:06:03	1609863	794494	3993345	551239680	20db4000	100000110110110100000000000000	812040ec12c9f4ad0e23852517ca0abb228aa91d6f31851b55457252b72bda71	1650953324	386042801	110568428300950	0000000000000000000000000000000000000000b1a19f942a8f2b37d904b956	03bc840d0451c5c367537069646572506f6f6c2f38392ffabe6d6d365b39f56c7197b6d64dde8ecb43d149ec0ccb5e40566d304df6646e4434f9910100000000000000fc77ba6601237359788a000000000000	1530	1390	9531	4414	317154441757	272743296	317466941757	273012032	3216660	2766.2312	1998.6132	1.7191	805.81995	0.6931	5504.4207393511	312500000	268740.625	315716660	271506.8438	SpiderPool
885949	000000000000000000014bca5d3052423cec711257c65ef037c7753f399f4688	2025-03-02 02:43:48	2025-03-02 02:08:23	1973405	673247	3993146	538370048	2016e000	100000000101101110000000000000	0728558e6024f3f054eff3752989b8636a830fd3d6dafaf4b60ec9377ac018b3	1850296659	386042801	110568428300950	0000000000000000000000000000000000000000b1a204244703b24511fb8724	03bd840d04f8c5c367537069646572506f6f6c2f3639363936392f73cd147e5d45000000000000	485	435	12965	1333	58141744042	50000156	58454244042	50268896	2140600	1840.8518	1084.9143	0.9331	536.2399	0.4609	971.68615143341	312500000	268740.625	314640600	270581.4688	SpiderPool
885950	0000000000000000000192869d702e1ef3e8888a16fd027da5dc92efb87775c4	2025-03-02 02:48:27	2025-03-02 02:09:23	1937359	685351	3993412	1006632960	3c000000	111100000000000000000000000000	72b10f21e73853695f62e89dc4b194011d7e81902568d91276dbc2b06e9a5d11	2903320599	386042801	110568428300950	0000000000000000000000000000000000000000b1a268b4637839524af254f2	03be840d04fcc6c3672f466f756e6472792055534120506f6f6c202364726f70676f6c642f2b39113a00001a2be05a1400	877	811	12148	3850	73357789870	63085500	73670289870	63354240	1800101	1548.0328	929.3727	0.7989	450.96326	0.3878	484.91619202654	312500000	268740.625	314300101	270288.6562	Foundry USA Pool
885951	000000000000000000016d3a4049111bfbcb053bc24afafeed34c456a02f7ccc	2025-03-02 02:52:49	2025-03-02 02:31:35	2496778	498898	3993472	866672640	33a86000	110011101010000110000000000000	264c3036d31f0d23f9799e5ae0bb2a22181f0f3d33b4fd7a4a00954c63b63a10	1774253077	386042801	110568428300950	0000000000000000000000000000000000000000b1a2cd447fecc05f83e922c0	03bf840d115768697465506f6f6c14003f041d0fe826fabe6d6d9d0e07d7efd972f1b7fe47d55db3afb6321d3978128b5027f3441a0afb51deb510000000000000000000da347a50000000000000	2301	2244	7290	3900	139513165503	119977136	139825665503	120245880	2194145	1886.8989	878.9437	0.7559	549.65753	0.473	6414.480160919	312500000	268740.625	314694145	270627.5312	Unknown
885952	0000000000000000000154d23ef04b38258fa35749769e7e8b3df9acd515ed83	2025-03-02 02:58:34	2025-03-02 02:34:41	1849864	714603	3993673	637534208	26000000	100110000000000000000000000000	a567c8ccac8275b786981a1c9285c49a254626a349ae0dfe4cdf88e948657746	2692466297	386042801	110568428300950	0000000000000000000000000000000000000000b1a331d49c61476cbcdff08e	03c0840d045bc9c3672f466f756e6472792055534120506f6f6c202364726f70676f6c642f200d1d10000002b5a6b85600	973	910	13478	3057	104597520914	89950728	104910020914	90219472	1793519	1542.3726	969.78217	0.8342	449.28494	0.3861	8944.6194757982	312500000	268740.625	314293519	270283	Foundry USA Pool
885953	00000000000000000000a3bebb9e34ee46fee2a096d7784a883afb06e277fefb	2025-03-02 03:11:40	2025-03-02 02:41:20	1834357	719742	3993583	638828544	2613c000	100110000100111100000000000000	6d71627fac8db63e335af1f8aea27b3113879901aa3ec5ca9d1ba116076e8fc6	4006193697	386042801	110568428300950	0000000000000000000000000000000000000000b1a39664b8d5ce79f5d6be5c	03c1840d046dccc3672f466f756e6472792055534120506f6f6c202364726f70676f6c642f407ef11481491c0100000000	2074	1925	10163	6484	299612641663	257657888	299925141663	257926624	3177631	2732.6672	1732.7206	1.4903	796.0295	0.6845	228870.73010417	312500000	268740.625	315677631	271473.2812	Foundry USA Pool
885954	00000000000000000001f43d4cb0eee88e9306433d76dff86c362a4b40ede7c3	2025-03-02 03:17:56	2025-03-02 02:43:48	1752740	746994	3993722	561176576	2172e000	100001011100101110000000000000	80f17e3c85143a28dab44e8f6149b54e728a2cffad1d123c412e28088ee3cbe0	873129539	386042801	110568428300950	0000000000000000000000000000000000000000b1a3faf4d54a55872ecd8c2a	03c2840d04e4cdc3672f466f756e6472792055534120506f6f6c202364726f70676f6c642f07316de6b084000000000000	1079	1013	14065	3271	196474866915	168962496	196787366915	169231232	1911190	1643.566	1090.6876	0.9382	478.7562	0.4119	3619.254103193	312500000	268740.625	314411190	270384.1875	Foundry USA Pool
885955	000000000000000000011ea2790937390ba8345df56c638e9b3815138b1519d2	2025-03-02 03:21:09	2025-03-02 02:48:27	1895111	699435	3993416	563748864	219a2000	100001100110100010000000000000	88ef41abd8db6e2a496ee5ee289b18de493add7f9fb0c6543ef45916ca56c394	748882692	386042801	110568428300950	0000000000000000000000000000000000000000b1a45f84f1bedc9467c459f8	03c3840d04a5cec3672f466f756e6472792055534120506f6f6c202364726f70676f6c642f290376790000248585020000	574	526	15117	1552	137147426971	117942672	137459926971	118211416	1629340	1401.1835	859.9684	0.7396	408.18362	0.3509	1801.4163135698	312500000	268740.625	314129340	270141.8125	Foundry USA Pool
885956	000000000000000000022f8e0c2cb038391ae4475dcec0e25230f1ff41ff2a48	2025-03-02 03:29:05	2025-03-02 02:52:49	1627267	788828	3993751	570425344	22000000	100010000000000000000000000000	374a9f0f1314dda3464eb2c004b2c8ca7cb033283b60144517a4182d52feb6d6	3246065355	386042801	110568428300950	0000000000000000000000000000000000000000b1a4c4150e3363a1a0bb27c6	03c4840d20202020204d696e656420627920536563706f6f6c2020202070004c062a07e58cfabe6d6dbbafe2b95133f0c368d81baff5de247c0d0271b205e55c5b5edaebc3ba3b4d191000000000000000874b000021bc1c00	1275	1202	11190	8331	239663641706	206103536	239976141706	206372288	2743478	2359.3088	1686.4375	1.4499	687.2531	0.5908	2010.5555397837	312500000	268740.625	315243478	271099.9375	Unknown
885957	00000000000000000001318520dd8c319cb2609d0830a175b3e6ab4c497ab226	2025-03-02 03:54:58	2025-03-02 02:58:34	1556919	812309	3993846	537092096	20036000	100000000000110110000000000000	e3d1454b6a487f9bcfeefb3d05382f58e18004424175dd92ac86dcb4c1470c2f	871807268	386042801	110568428300950	0000000000000000000000000000000000000000b1a528a52aa7eaaed9b1f594	03c5840d194d696e656420627920416e74506f6f6c20b9002f0633495a46fabe6d6d9be47a72e0ea4f241bb06ad66487d3cee11276954ec5911ba47518565afc877a1000000000000000b5a40000271b020000000000	3042	2833	7160	12412	771581569893	663537024	771894069893	663805760	5416772	4658.2612	3480.2876	2.9927	1356.9279	1.167	93524.52101159	312500000	268740.625	317916772	273398.875	AntPool
885958	000000000000000000007a23fe128964f135f872da8b67d56c110b8fb235d30a	2025-03-02 03:57:12	2025-03-02 03:11:40	1995126	666173	3993645	777682944	2e5a8000	101110010110101000000000000000	27d8495f69e23bbc9c3fc6afe484c4341af7ed8f13a4453fcce2e5ceb7136e87	1552565966	386042801	110568428300950	0000000000000000000000000000000000000000b1a58d35471c71bc12a8c362	03c6840d0418d7c3672f466f756e6472792055534120506f6f6c202364726f70676f6c642f1b823d855600000000000000	1106	1016	11433	3432	108297291146	93132424	108609791146	93401160	1833744	1576.9648	919.32385	0.7903	459.36472	0.3947	2034.8114630652	312500000	268740.625	314333744	270317.5938	Foundry USA Pool
885959	0000000000000000000074b511bce3dd4f1855358970fce08a9902e20021383e	2025-03-02 04:04:40	2025-03-02 03:17:56	1793978	733157	3993449	536870912	20000000	100000000000000000000000000000	25959278de7c838e4388aca63360d2faa11fb918d240efaa55e568004497fa71	1093576797	386042801	110568428300950	0000000000000000000000000000000000000000b1a5f1c56390f8c94b9f9130	03c7840d04d8d8c3672f466f756e6472792055534120506f6f6c202364726f70676f6c642f0569adbb000008c413612600	1409	1295	12216	4491	220730242804	189821392	221042742804	190090128	2545093	2188.7036	1419.0507	1.2203	637.59357	0.5487	27860.157041983	312500000	268740.625	315045093	270929.3438	Foundry USA Pool
885960	00000000000000000000b23aab0a5056334daf3fe8c1e93a1500996bb7e23050	2025-03-02 04:14:24	2025-03-02 03:21:09	1805939	729216	3993587	655540224	2712c000	100111000100101100000000000000	91ff60085a882e398058d0669cf36d022cac4354ad3249969506f0f7ca5f9451	1739873733	386042801	110568428300950	0000000000000000000000000000000000000000b1a6565580057fd684965efe	03c8840d0420dbc3672f466f756e6472792055534120506f6f6c202364726f70676f6c642f2c830abc84d6000000000000	1550	1420	12070	4406	310491398731	267013296	310803898731	267282032	2586837	2224.6023	1432.7705	1.2323	648.0288	0.5573	8851.8562361496	312500000	268740.625	315086837	270965.2188	Foundry USA Pool
885961	00000000000000000001d2dcac0c198d63dbf8c683c82ab36e34556c69ac59d6	2025-03-02 04:14:56	2025-03-02 03:29:05	1853985	713230	3993675	655843328	27176000	100111000101110110000000000000	d370bd920d96880129fbb60e8d288d4af7886c47a814ab7edb426c6a3ed610a0	1679040781	386042801	110568428300950	0000000000000000000000000000000000000000b1a6bae59c7a06e3bd8d2ccc	03c9840d20202020204d696e656420627920536563706f6f6c20202020700013023a6d5440fabe6d6dc46277ab5fa0a4c1c97a9756f6aa6222e360d23f95734bc8b04060f5c98b9a3210000000000000000000bfcc13000000	75	74	17214	161	717686164	617188.5625	1030186164	885929.1875	1064538	915.4708	574.33655	0.4936	266.67593	0.2296	146.99008748711	312500000	268740.625	313564538	269656.0938	Unknown
885962	00000000000000000001e0131d71feade1abd3c2724872bd48ea442b4ffb28af	2025-03-02 04:17:51	2025-03-02 03:54:58	1870855	707656	3993823	547799040	20a6c000	100000101001101100000000000000	5903aa382743c25671832607af7c640487971326d5be7cd2496084eb1151d8cc	2712461638	386042801	110568428300950	0000000000000000000000000000000000000000b1a71f75b8ee8df0f683fa9a	03ca840d194d696e656420627920416e74506f6f6c204d0010063b78d78dfabe6d6d58617e8477997912aac19cecb1e9ed487f46d067664add0a07fdc049bc70e96a080000000000000000002c8e66193f0000000000	561	519	14654	1692	124838471246	107357344	125150971246	107626080	1805323	1552.5236	965.2322	0.8299	452.24484	0.3887	1026.070561781	312500000	268740.625	314305323	270293.1562	AntPool
885963	0000000000000000000165c3b0c4ad023250e8b7a0d6104fe936cf7215f922f7	2025-03-02 04:20:11	2025-03-02 03:57:12	1821409	724149	3993856	538206208	20146000	100000000101000110000000000000	f367e82b713fcc090a7fa2b8082b7a875c8d50781eb29a39a63549d762dcd8b2	3812665174	386042801	110568428300950	0000000000000000000000000000000000000000b1a78405d56314fe2f7ac868	03cb840d194d696e656420627920416e74506f6f6c204d0004023c4e827afabe6d6db319f19b103c8abb604102967acd055cfe72bd20e1e01db1905cf92c55a767c40800000000000000e9550000f539000000000000	566	538	15245	1968	81960908356	70483920	82273408356	70752664	1363235	1172.3412	748.65796	0.6441	341.4962	0.2932	3630.2384304894	312500000	268740.625	313863235	269912.9688	AntPool
885964	000000000000000000002b87b6f21e23d8205ac2595624fef9cd9448701eb6eb	2025-03-02 04:27:31	2025-03-02 04:04:40	1849900	714294	3992782	652623876	26e64004	100110111001100100000000000100	d30811b5eea9c3de58cd3dcce5320cca045ca8e53e312c8fc3e65dd882a42738	3789839533	386042801	110568428300950	0000000000000000000000000000000000000000b1a7e895f1d79c0b68719636	03cc840d0433dec3672f53424943727970746f2e636f6d20506f6f6c2f0cb4d1a4000000000000003d	1291	1226	12967	3962	264802288711	227722032	265114788711	227990768	2187708	1881.3633	1182.7936	1.0173	548.0596	0.4713	5475.0842152975	312500000	268740.625	314687708	270622	SBICrypto
885965	000000000000000000017573b4b0aa673838e86ce45767a5f4f238e2e50c1c5e	2025-03-02 04:54:44	2025-03-02 04:14:24	1646255	782491	3993728	549453824	20c00000	100000110000000000000000000000	a7d7ccc791ab3f7f5eec3ad52990da9111b08927f18d887987e79d743fbd5bde	3190700646	386042801	110568428300950	0000000000000000000000000000000000000000b1a84d260e4c2318a1686404	03cd840d1562696e616e63652f31303038e500de0148a9cd8201fabe6d6d530248f3b6d1efb0a8f821ee5d5f14e721f4b4e1a3ff0dbc9184d9bcda3f4fb710000000000000000000ed8edfbd010000000000	2578	2381	9057	7569	817381637585	702923712	817694137585	703192448	5255196	4519.311	3193.1262	2.7459	1316.4476	1.1317	85789.782479897	312500000	268740.625	317755196	273259.9375	Binance
885966	0000000000000000000255ce2cc81022cead881ec8797fd7452dad84bf76bf38	2025-03-02 05:16:25	2025-03-02 04:14:56	1641237	784092	3993513	823058432	310ee000	110001000011101110000000000000	fe869eddb47a0c5509132738f974f5e8c4fc38ff5172540dfadd084e4bcb180e	744077452	386042801	110568428300950	0000000000000000000000000000000000000000b1a8b1b62ac0aa25da5f31d2	03ce840d192f5669614254432f4d696e656420627920746172617a32322f2cfabe6d6db795ca3a7e5c2b55641b7437a13ff6568274fe56c6720d5eb9b4504ef981371b100000000000000010391c900198163e1d91c58e390c00000000000000	2809	2589	8303	8704	709814618789	610419264	710127118789	610688000	4604808	3959.9968	2806.4253	2.4131	1153.5353	0.9924	11033.50481293	312500000	268740.625	317104808	272700.625	ViaBTC
885967	00000000000000000001192c7b9b3598003cff2a2c7a0b62f57bd50c831423df	2025-03-02 05:44:44	2025-03-02 04:17:51	1673913	773156	3993381	750501888	2cbbc000	101100101110111100000000000000	135044e4dacdc1dfce5fbe3eb45152ab183b0f186d61b0c2e115b31ac77145b5	244103802	386042801	110568428300950	0000000000000000000000000000000000000000b1a91646473531331355ffa0	03cf840d122f5669614254432f5472757374706f6f6c2f2cfabe6d6da0ef13c37c2c81edccdde52e074e781355473834f24201fefd9af1b72b708e2f100000000000000010c01ca906c9fb455105de9b152a04000000000000	2759	2558	8852	9076	572150501871	492032256	572463001871	492300992	5001538	4301.1729	2988.6836	2.5705	1252.9515	1.0775	8198.5478056604	312500000	268740.625	317501538	273041.8125	ViaBTC
885968	000000000000000000012d26f5b85633c2945d6c3f286bc8cf2807e7eb32b065	2025-03-02 05:55:42	2025-03-02 04:20:11	1584603	804466	3998001	536928256	2000e000	100000000000001110000000000000	004cb00509f726ea5046c863bf6cf4ed55830ba7add0222d9a2723e9da097a9c	1681176866	386042801	110568428300950	0000000000000000000000000000000000000000b1a97ad663a9b8404c4ccd6e	03d0840d2cfabe6d6db6baf85f1eccc656cf935f87438ff638fbce8070c5612745e0bfc10206548ea510000000f09f909f092f4632506f6f6c2f6b000000000000000000000000000000000000000000000000000000000000000000000005001c8a0000	2393	2244	8430	8469	290703738936	249996496	291016238936	250265232	3539871	3044.1829	2234.7178	1.922	885.8897	0.7619	6124.8502768442	312500000	268740.625	316039871	271784.8125	F2Pool
885969	0000000000000000000198c885ba0f0eca687e18f2da6bdfe0074316b1b0d71d	2025-03-02 05:56:13	2025-03-02 04:27:31	1664597	776372	3993713	771751936	2e000000	101110000000000000000000000000	b3ed0004525a6363f3d8c736efd43ff8b2dc11290702ea1c72efcd622a417d79	2603148616	386042801	110568428300950	0000000000000000000000000000000000000000b1a9df66801e3f4d85439b3c	03d1840d04fdf2c3672f466f756e6472792055534120506f6f6c202364726f70676f6c642f0f4a59f600004137f80a0000	916	872	11664	3132	160535836648	138056000	160848336648	138324752	1532915	1318.2609	921.1471	0.792	383.99857	0.3302	3355.9062282314	312500000	268740.625	314032915	270058.875	Foundry USA Pool
885970	00000000000000000000ed03ea9fff33f89ffe71ca33490343f1de921c7a7fe1	2025-03-02 05:59:02	2025-03-02 04:54:44	1911419	693946	3993257	536969216	20018000	100000000000011000000000000000	2328e06e1382a98f7d2f43808905b9a08ddb27adc45a6021804a45257a94b942	58169922	386042801	110568428300950	0000000000000000000000000000000000000000b1aa43f69c92c65abe3a690a	03d2840d122f5669614254432f5472757374706f6f6c2f2cfabe6d6db8ef3529cb7d02422c09d5e2083515349edb71e6a0ba3dac71fc4383d85f92bf100000000000000010081d4606d50e265b1c05eab2e138060000000000	790	744	13059	2129	168040661079	144509920	168353161079	144778672	1738802	1495.3175	909.8921	0.7826	435.60645	0.3749	476.77155163696	312500000	268740.625	314238802	270235.9375	ViaBTC
885971	00000000000000000001c8149ea4aeffde088e900921488833bfa400467c1fc6	2025-03-02 06:01:33	2025-03-02 05:16:25	1984329	669637	3993240	559079424	2152e000	100001010100101110000000000000	91f2c5393b420d1908dc87826bab913fd715404aafd764baa6afcc0940b87ff2	39613221	386042801	110568428300950	0000000000000000000000000000000000000000b1aaa886b9074d67f73136d8	03d3840d043ef4c3677c204d415241204d61646520696e2055534120f09f87baf09f87b8207c763032fabe6d6dfc260a386e2e4d174d6fcdee12d873b84f958b3868976c793232ceeb36bd1f00010000000000000014ca9cb895003c2f0000ffffffff	578	536	12564	1563	81906128336	70436816	82218628336	70705552	1829585	1573.3882	922.1796	0.7929	458.31885	0.3939	1254.3191702712	312500000	268740.625	314329585	270314	Unknown
885972	00000000000000000002536e22dd5fd3c2c2252ac2ecf19b6e8df0c1fb5811f2	2025-03-02 06:02:43	2025-03-02 05:44:44	1904037	696485	3993492	939524096	38000000	111000000000000000000000000000	d898db7ce22de1711885526fb22e4185f1b30507753b1359694db3fe953f8d02	3428261367	386042801	110568428300950	0000000000000000000000000000000000000000b1ab0d16d57bd475302804a6	03d4840d0483f4c3672f466f756e6472792055534120506f6f6c202364726f70676f6c642f1f6335d02da2070000000000	232	212	16127	626	33331434829	28664034	33643934829	28932774	1249200	1074.2745	656.23755	0.5641	312.94403	0.2692	3371.2742847938	312500000	268740.625	313749200	269814.9062	Foundry USA Pool
885973	00000000000000000002193e51075788e34daa233861ff617e74541b8f4aa7fe	2025-03-02 06:12:14	2025-03-02 05:55:42	1902058	698637	3997969	1073733632	3fffe000	111111111111111110000000000000	fef81fd427c8a20043a034cffa08323f4ddb902bbca2ad187ce24ae502fc2ad2	422201003	386042801	110568428300950	0000000000000000000000000000000000000000b1ab71a6f1f05b82691ed274	03d5840d2cfabe6d6de5850a6ee4e41a981d9a8a5a3fe30b520064da563076dedb08a9ac36d642553c10000000f09f909f092f4632506f6f6c2f6400000000000000000000000000000000000000000000000000000000000000000000000500002e1d2d	1719	1613	11056	4873	429893661520	369695648	430206161520	369964384	2634417	2265.5195	1385.4487	1.1911	659.2957	0.5667	4116.4257744886	312500000	268740.625	315134417	271006.1562	F2Pool
885974	00000000000000000000e050a74360b162c03a88a86f02fee147866a4dabc627	2025-03-02 06:14:19	2025-03-02 05:56:13	1970077	674466	3993475	787226624	2eec2000	101110111011000010000000000000	f770737a39dfe62ea6529c59f1016d937692c6c5e681a449a76833ac53c1b3ec	3387907852	386042801	110568428300950	0000000000000000000000000000000000000000b1abd6370e64e28fa215a042	03d6840d172f5669614254432f4d696e65642062792062706c32352f2cfabe6d6dd90a77abf6c92f86838cf86077799f496939ca7a7f87a64fbdf1ab589785880c1000000000000000104d1d2e01bbc3e7e9a7bd2a2ab400000000000000	544	517	15108	1176	51492342766	44281872	51804842766	44550612	1344602	1156.3174	682.66003	0.5874	336.83435	0.2898	292.99873538694	312500000	268740.625	313844602	269896.9375	ViaBTC
885975	00000000000000000000003c08749d554e9e3a5c0600be102aeb278a0be3b939	2025-03-02 06:17:29	2025-03-02 05:59:02	1898752	698314	3993694	760897536	2d5a6000	101101010110100110000000000000	aae0bbcf616c65022b9453489e5238e16a7e8f9948d31bd94b6921d065e508ac	3207799821	386042801	110568428300950	0000000000000000000000000000000000000000b1ac3ac72ad9699cdb0c6e10	03d7840d04f9f7c3672f466f756e6472792055534120506f6f6c202364726f70676f6c642f2480acbc2701000000000000	606	574	15196	1644	113568259494	97665296	113880759494	97934040	1536977	1321.7542	809.6631	0.6966	385.01794	0.3311	410.29951460989	312500000	268740.625	314036977	270062.375	Foundry USA Pool
885976	000000000000000000018193957f2fa45c0e3a4640b4e65552097e66af28a092	2025-03-02 06:35:54	2025-03-02 06:01:33	1795220	732783	3993569	626556928	25588000	100101010110001000000000000000	29af90ed5ef40de9dc8fb554e51d494e7d93a622b1e86767e3a3b2dca40c8a9b	325595913	386042801	110568428300950	0000000000000000000000000000000000000000b1ac9f57474df0aa14033bde	03d8840d044afcc3672f466f756e6472792055534120506f6f6c202364726f70676f6c642f2c03dd86848f010000000000	2747	2600	8484	8072	496750059580	427190144	497062559580	427458880	3405995	2929.0535	1897.744	1.6322	853.24	0.7336	6942.1608445136	312500000	268740.625	315905995	271669.6875	Foundry USA Pool
885977	000000000000000000000403404c4688dca03d89ba168c97810a576c08d5ed3e	2025-03-02 06:45:20	2025-03-02 06:02:43	1675979	772462	3993365	973078528	3a000000	111010000000000000000000000000	9cafc2686bc563710c2b32b4e6aac8b597597a2ca76c122ad4c2fc7f9abb4651	2183472060	386042801	110568428300950	0000000000000000000000000000000000000000b1ad03e763c277b74cfa09ac	03d9840d1362696e616e63652f3939361400380170368e80fabe6d6de369685c7bb7d25a7975253c50a1f10835197e3ad9de64fa46d49073a04a920d100000000000000082f00000990a270000000000	1548	1430	11175	3722	258986397854	222720528	259298897854	222989280	2669497	2295.6873	1593.2444	1.3699	668.7792	0.5753	7389.9743661265	312500000	268740.625	315169497	271036.3125	Binance
885978	00000000000000000002702a242202ebb49ef4728aab9354212e65247b3dfa79	2025-03-02 07:13:01	2025-03-02 06:12:14	1604003	796535	3993608	697081856	298ca000	101001100011001010000000000000	f2b4f5aedfd16d00b4c2aead9337e7f19fe937d13778ffe1c22a558683d635da	1834157623	386042801	110568428300950	0000000000000000000000000000000000000000b1ad68778036fec485f0d77a	03da840d194d696e656420627920416e74506f6f6c209c000a057a1ca453fabe6d6de6314379e4981f75334e80710b826fb161d71b23704ebef528f2a105f565357e10000000000000006d5d00003f5b020000000000	3173	2954	8230	9709	874339402973	751905664	874651902973	752174400	4798651	4126.6958	2992.6123	2.5739	1202.1572	1.0337	43675.26836533	312500000	268740.625	317298651	272867.3125	AntPool
885979	000000000000000000026b2b95db328e5fec19613e6dac7714c560cedb2e31e0	2025-03-02 07:15:40	2025-03-02 06:14:19	2083178	638279	3998015	549453824	20c00000	100000110000000000000000000000	3aec4cf162db464bfdcd4862c735522a7ebc1f0fd13434887066711ec43d7549	128254783	386042801	110568428300950	0000000000000000000000000000000000000000b1adcd079cab85d1bee7a548	03db840d2cfabe6d6defc050dc492d729efc78004795efb3341528d42608c7f04f6062f4b86c94775c10000000f09f909f092f4632506f6f6c2f620000000000000000000000000000000000000000000000000000000000000000000000050035aa0300	1666	1600	9849	4657	69169734065	59483896	69482234065	59752636	1942783	1670.7351	932.85974	0.8024	486.20007	0.4179	1974.3376949344	312500000	268740.625	314442783	270411.375	F2Pool
885980	00000000000000000002184d852140189d496847d58c0fe21e8911759a428dc5	2025-03-02 07:26:48	2025-03-02 06:17:29	1892389	701787	3997750	1073733632	3fffe000	111111111111111110000000000000	8882f896a98bf73ac3ae5997229d40df64871b2449b5eefc7e7a9362f4d06501	1155574337	386042801	110568428300950	0000000000000000000000000000000000000000b1ae3197b9200cdef7de7316	03dc840d2cfabe6d6dfa70c548746e13ba00d9ac8ee1d0b437a1ad5b8991c458d78622f64f83287c8210000000f09f909f092f4632506f6f6c2f66000000000000000000000000000000000000000000000000000000000000000000000005008f880000	2298	2176	9024	6050	263589748211	226679280	263902248211	226948016	3486176	2998.0068	1842.7621	1.5849	872.50684	0.7508	35743.922533752	312500000	268740.625	315986176	271738.625	F2Pool
885981	0000000000000000000011b73b87968ebd0e2208baaf43d974c03fe54d7c181c	2025-03-02 07:28:56	2025-03-02 06:35:54	2020045	657825	3993520	585523200	22e66000	100010111001100110000000000000	5749a0adb39919bbd736323a32713bf3e5a9c1c25fd21a47f1ecc69dd5e22581	1556757115	386042801	110568428300950	0000000000000000000000000000000000000000b1ae9627d59493ec30d540e4	03dd840d194d696e656420627920416e74506f6f6c2014015d007fcead9cfabe6d6d15e3d191ca7e48e924284869f501c7628cac840b3e039f1f82f3382ba78458e3100000000000000000002429271c000000000000	703	683	14117	1365	53402362224	45924428	53714862224	46193172	1424606	1225.1184	705.41077	0.6063	356.89993	0.307	300.08651700637	312500000	268740.625	313924606	269965.75	AntPool
885982	0000000000000000000077749700f1a99ab74b9dcd8486607de7e8e51cb61eff	2025-03-02 08:32:19	2025-03-02 06:45:20	1487465	835475	3993890	537534464	200a2000	100000000010100010000000000000	d3f93f6a5dc9dd462dcf7ea6ed22e9317d1b3743c94fd0e7f55937fd676d63ce	3005143180	386042801	110568428300950	0000000000000000000000000000000000000000b1aefab7f2091af969cc0eb2	03de840d194d696e656420627920416e74506f6f6c20b90039009679a087fabe6d6d3fefef8c4fe68974efaf7b8582b0ca0a7a6036fde3f369933ebf6836a12e81021000000000000000fe4800007a9e640000000000	3360	3071	7215	10493	4468108401217	3842439168	4468420901217	3842707968	9731883	8369.127	6544.814	5.6285	2437.8574	2.0966	257948.71257215	312500000	268740.625	322231883	277109.75	AntPool
885983	000000000000000000001a12998864699a1d9871f29dfa97f5a6da3cb9ba11e7	2025-03-02 08:33:39	2025-03-02 07:13:01	1727248	755417	3993499	537894912	200fa000	100000000011111010000000000000	5865ae9122b00367dc743d6c989178ca761af4f22509fb7f3ee1000dc0230722	3699010066	386042801	110568428300950	0000000000000000000000000000000000000000b1af5f480e7da206a2c2dc80	03df840d04e317c4672f466f756e6472792055534120506f6f6c202364726f70676f6c642f3e0d70ba9f24000000000000	3630	3418	9335	7992	686084396674	590011968	686396896674	590280768	4117076	3540.5618	2384.2395	2.0502	1031.3918	0.8866	80487.518379668	312500000	268740.625	316617076	272281.1875	Foundry USA Pool
885984	000000000000000000021cd1d60566bd980cab2fb31693a89d044a956c56b64c	2025-03-02 08:38:05	2025-03-02 07:15:40	1544692	817699	3997789	690012160	2920c000	101001001000001100000000000000	feadb0588f3de86d7a4e527667a008d1c28c47d8fc90a355154869c7a9acd062	4170734155	386042801	110568428300950	0000000000000000000000000000000000000000b1afc3d82af22913dbb9aa4e	03e0840d2cfabe6d6d2ede05718da560845c530d328bf889c48ea5a4f128cbd093b55121bcfd1c303310000000f09f909f092f4632506f6f6c2f670000000000000000000000000000000000000000000000000000000000000000000000050052050000	2445	2306	8001	7036	276460790855	237747984	276773290855	238016720	2502766	2152.3037	1620.8323	1.394	626.3766	0.5383	31481.958240067	312500000	268740.625	315002766	270892.9375	F2Pool
885985	000000000000000000012653d61fbc47d6f0dfeda2b211da35669a8c0c6000b8	2025-03-02 08:38:39	2025-03-02 07:26:48	2143157	616771	3993470	537608192	200b4000	100000000010110100000000000000	892ae8ee0030911a43d93368fad29c9ecf409560f54b3893b1d9ecf881de67ed	4084860936	386042801	110568428300950	0000000000000000000000000000000000000000b1b028684766b02114b0781c	03e1840d041619c467537069646572506f6f6c2f39312ffabe6d6d91cee03ff04fcc2af68c894a663dc3ea4a0ef7a0058822579037510f725df23e0100000000000000dca65bc2040d0456e218000000000000	124	117	14375	240	47957413861	41241936	48269913861	41510676	1137624	978.3225	530.91974	0.4566	284.9818	0.2451	3604.484976445	312500000	268740.625	313637624	269718.9375	SpiderPool
885986	00000000000000000001fffe0f5f94981fd9db825ec25e9226668749a0b20dad	2025-03-02 08:44:35	2025-03-02 07:28:56	1928458	688403	3993667	676208640	284e2000	101000010011100010000000000000	5aea95efb83408fd80a5fced1079ddef496e1606a9f98b482bf75097e53cf960	1084690459	386042801	110568428300950	0000000000000000000000000000000000000000b1b08cf863db372e4da745ea	03e2840d04741ac4672f466f756e6472792055534120506f6f6c202364726f70676f6c642f3d80eea920f8f07c00000000	1350	1251	12053	3213	309519030987	266177088	309831530987	266445824	2331734	2005.2213	1209.4069	1.0397	584.1112	0.5022	7837.993418072	312500000	268740.625	314831734	270745.8438	Foundry USA Pool
885987	0000000000000000000133cec018cd36fe712a10d6496236c948f55a28d5a51b	2025-03-02 08:54:33	2025-03-02 08:32:19	1745598	749298	3993492	641916928	2642e000	100110010000101110000000000000	5f8316adbf407861f32154d3b9f658ee908927fed41a80c98ba11c2939c4d8fa	2981789741	386042801	110568428300950	0000000000000000000000000000000000000000b1b0f188804fbe3b869e13b8	03e3840d122f5669614254432f5472757374706f6f6c2f2cfabe6d6d69bbc3c8129d06bcd2bb4706dff3173dd601852df9d609c354d069eb5c7592f81000000000000000106707c302d3e5f3417af261f851d7000000000000	2017	1893	11163	5235	393646429531	338524128	393958929531	338792864	2806494	2413.5007	1608.143	1.3828	703.0444	0.6046	9294.9383117305	312500000	268740.625	315306494	271154.125	ViaBTC
885988	000000000000000000000cdffbd6c6d36bfac249ee0a27b1c3997c222c0b716c	2025-03-02 08:58:40	2025-03-02 08:33:39	1973915	674700	3998015	603979776	24000000	100100000000000000000000000000	e3c71da9233a703436677bfe2428a3854af8932dcf233f198fa8715f352f42c1	2633413492	386042801	110568428300950	0000000000000000000000000000000000000000b1b156189cc44548bf94e186	03e4840d2cfabe6d6daa4ed7d5defe534e995533624e2a1cc772cc8c28292e3d6f002cd9cadcda959010000000f09f909f092f4632506f6f6c2f670000000000000000000000000000000000000000000000000000000000000000000000050071d60000	927	874	13360	2480	186636048081	160501408	186948548081	160770144	1675013	1440.4609	848.8183	0.7301	419.18805	0.3603	1981.2297871519	312500000	268740.625	314175013	270181.0938	F2Pool
885989	00000000000000000001634b59b0142a810b62cb409796a46518c6ef27032a8c	2025-03-02 08:58:56	2025-03-02 08:38:05	2175826	605764	3993118	675971072	284a8000	101000010010101000000000000000	e5c82a7aeee20a21c96ae75c723816d5bc04065bfacf39587e4a39ce6fcf460b	573098281	386042801	110568428300950	0000000000000000000000000000000000000000b1b1baa8b938cc55f88baf54	03e5840d1b2f706f6f6c696e2e636f6d2f66702f3936369c0169019ffee50e02fabe6d6d86f6853ccbcbb691d52db081c76bd2f4cff321e48601481264c58d724f468ae510000000000000000000af05c626010000000000	75	71	14586	179	72046576	61957.8945	384546576	330698.5312	1049446	902.4921	482.40652	0.4145	262.90848	0.2262	52.122267737326	312500000	268740.625	313549446	269643.125	Poolin
885990	00000000000000000001b476db59e7cf874e350c07d3d1d01fedf375c18720ed	2025-03-02 09:04:56	2025-03-02 08:38:39	1990014	667863	3993603	814448640	308b8000	110000100010111000000000000000	3567e2b23bad71a8b85b219842cb5b226a7dd1c2acf26478e74e99c4af3a4a29	1281046682	386042801	110568428300950	0000000000000000000000000000000000000000b1b21f38d5ad536331827d22	03e6840d04381fc4672f466f756e6472792055534120506f6f6c202364726f70676f6c642f3789de5d4484000000000000	1244	1172	12377	3611	313361516511	269481504	313674016511	269750240	2065801	1776.5269	1038.3236	0.8926	517.50195	0.4455	2324.4985418376	312500000	268740.625	314565801	270517.1562	Foundry USA Pool
885991	00000000000000000000c276ccd20756c760d99ef73c1950216cc944d2d483e1	2025-03-02 09:09:35	2025-03-02 08:44:35	2015747	659272	3993563	761651200	2d65e000	101101011001011110000000000000	05dfcb4e52151c4f518339cc28e66763d382d65cd27adfbc0ce8f7f4dc7407f6	3462798232	386042801	110568428300950	0000000000000000000000000000000000000000b1b283c8f221da706a794af0	03e7840d045020c4672f466f756e6472792055534120506f6f6c202364726f70676f6c642f045f99e20000000000000023	836	777	13288	2160	142727985365	122741784	143040485365	123010528	1767763	1520.2231	877.1768	0.7542	442.84515	0.381	5192.1684178828	312500000	268740.625	314267763	270260.8438	Foundry USA Pool
885992	00000000000000000000ca216c7aa944273a60c00eb34b32f6e1a6510c9eba31	2025-03-02 09:39:50	2025-03-02 08:54:33	1649014	781464	3993406	580673536	229c6000	100010100111000110000000000000	acf7b02ca7d2f82d9d87ca10360362869ede8fc02c04d7d28c494573077310ce	3478777484	386042801	110568428300950	0000000000000000000000000000000000000000b1b2e8590e96617da37018be	03e8840d046627c4672f466f756e6472792055534120506f6f6c202364726f70676f6c642f431313ee0000000000000002	3755	3493	8307	9524	943277166190	811190080	943589666190	811458816	5573149	4792.7407	3380.6287	2.9076	1396.1935	1.2005	8808.4518176455	312500000	268740.625	318073149	273533.375	Foundry USA Pool
885993	0000000000000000000255d2b1c3a27c2103f00adbbf0338df402227cac95616	2025-03-02 09:58:53	2025-03-02 08:58:40	1760087	744473	3993506	547356672	20a00000	100000101000000000000000000000	055da1d28974980991018389aa7187d11f43f2b4255295609865e1bb6d0a0030	2372698424	386042801	110568428300950	0000000000000000000000000000000000000000b1b34ce92b0ae88adc66e68c	03e9840d192f5669614254432f4d696e656420627920617968313939332f2cfabe6d6dd67a1e9640d01f642cdf295a7ac11149e3e875ca3e655739b58be4891306d1381000000000000000101ae4360878d83f1bf8df1696567d030000000000	3329	3134	7327	9913	1049743149850	902747648	1050055649850	903016384	4233980	3641.0957	2406.1367	2.0691	1060.6422	0.9124	29614.016790629	312500000	268740.625	316733980	272381.7188	ViaBTC
885994	0000000000000000000145e421c69b387441e38c51695d30fa4f42671f6d47e5	2025-03-02 09:59:17	2025-03-02 08:58:56	1901665	697301	3993568	536903680	20008000	100000000000001000000000000000	2c30e4cf4c151a7556595592440e867d095ea9cb175a828050bbcc0e3a9b8189	2164696018	386042801	110568428300950	0000000000000000000000000000000000000000b1b3b179477f6f98155db45a	03ea840d122f5669614254432f5472757374706f6f6c2f2cfabe6d6d25026b42ce7b6aaf2a3c0716925a050c4deb5357b7051c816c2cafa9341cc30d1000000000000000107c082703033242c85b2369c69217000000000000	1110	1086	11854	3761	34935367928	30043368	35247867928	30312108	1161894	999.194	611.12305	0.5254	291.05618	0.2503	8877.7708718984	312500000	268740.625	313661894	269739.8125	ViaBTC
885995	00000000000000000000bce66f5d4e37c3abe8739a1abb69b8b3678b0c2987ce	2025-03-02 10:32:33	2025-03-02 09:04:56	1661882	777250	3993632	572727296	22232000	100010001000110010000000000000	fefc1377f6427280047fe5b34d1efdd4895b425fd9dfa881d55eb0a625d2702e	2462014043	386042801	110568428300950	0000000000000000000000000000000000000000b1b4160963f3f6a54e548228	03eb840d04c233c4672f466f756e6472792055534120506f6f6c202364726f70676f6c642f3685a6f021e3020000000000	3462	3202	8510	9477	1028862650372	884791040	1029175150372	885059776	6895129	5929.604	4150.137	3.5689	1727.28	1.4852	20890.270530857	312500000	268740.625	319395129	274670.2188	Foundry USA Pool
885996	0000000000000000000016ee27fd521a3dbf0bf1607e9252ca38abe0e8854bde	2025-03-02 10:37:23	2025-03-02 09:09:35	1642421	783638	3993335	581853184	22ae6000	100010101011100110000000000000	705eb852ead3d031b1e921083c5873ef8ced9abdff560add6be9129326ab15c1	411025964	386042801	110568428300950	0000000000000000000000000000000000000000b1b47a9980687db2874b4ff6	03ec840d04e334c4672f466f756e6472792055534120506f6f6c202364726f70676f6c642f4867ce83af07000000000000	3179	3032	8008	7874	267843408704	230337296	268155908704	230606032	2686809	2310.5752	1636.3416	1.4069	673.1153	0.5788	45140.014974602	312500000	268740.625	315186809	271051.1875	Foundry USA Pool
885997	0000000000000000000037120f2a9d27ab8381fe5cb271bc61593342573a28f2	2025-03-02 10:39:00	2025-03-02 09:39:50	2068599	641719	3993756	542892032	205be000	100000010110111110000000000000	82451b07de2c8bfeba2b1b113c8720be9b2a9a2db3464155858a889c2f830f94	734750261	386042801	110568428300950	0000000000000000000000000000000000000000b1b4df299cdd04bfc0421dc4	03ed840d194d696e656420627920416e74506f6f6c204d000201c3c7df56fabe6d6dafcf3f1c37bfb7db0e6aa135294b3f2de49dc3432b72fd5396f453712c1d6014080000000000000000008ac60228200000000000	335	314	13797	864	56629845743	48699968	56942345743	48968708	1368016	1176.4528	661.4861	0.5684	342.70242	0.295	1334.9576427925	312500000	268740.625	313868016	269917.0625	AntPool
885998	00000000000000000001c060562dc54e05e23319bc493576ed47e4c62cc34f00	2025-03-02 10:40:38	2025-03-02 09:58:53	1949870	680731	3992063	804036608	2feca000	101111111011001010000000000000	a1eb96e56252129644d9fcba5afcb5ce567b49828f553df86ce56e38d733b078	1514177301	386042801	110568428300950	0000000000000000000000000000000000000000b1b543b9b9518bccf938eb92	03ee840d04a635c4672f466f756e6472792055534120506f6f6c202364726f70676f6c642f390562b20000203c5a000000	439	404	14774	1112	97584769367	83919976	97897269367	84188712	1438095	1236.7185	737.7078	0.6347	360.39493	0.3096	1490.5848465301	312500000	268740.625	313938095	269977.3438	Foundry USA Pool
885999	000000000000000000025c7f3bc7316d69300f4b6be0e2b5d26d521a656c874b	2025-03-02 10:45:27	2025-03-02 09:59:17	1884104	703167	3993605	633856000	25c7e000	100101110001111110000000000000	add7349dca479f73d93d70ed60a6de624224f2fcdf979fd806ad4505c737b67b	3619714631	386042801	110568428300950	0000000000000000000000000000000000000000b1b5a849d5c612da322fb960	03ef840d1c2f5669614254432f4d696e656420627920727562616e65747367692f2cfabe6d6df7e4a9e480a9bf6c6066d1286460b7181a7f8a613c79a80f8751b9c3ebe058be10000000000000001039229701aaaf0f39781703c2b75b000000000000	1092	1015	13081	2772	1731584541816	1489110784	1731897041816	1489379456	2069719	1779.8962	1098.7677	0.9451	518.46814	0.4455	79723.557018547	312500000	268740.625	314569719	270520.5312	ViaBTC
886000	00000000000000000001e17f4c3a067d0b26324d5c4981fb78b945ed756b6d4b	2025-03-02 10:45:28	2025-03-02 10:32:33	2171768	608780	3998108	868024320	33bd0000	110011101111010000000000000000	7a47386142608f3757097b5c630b7ea2c59dced3c04972300f30884cfa7e5ea3	3573606266	386042801	110568428300950	0000000000000000000000000000000000000000b1b60cd9f23a99e76b26872e	03f0840d2cfabe6d6d81f4bdd2e98348a1073d35ed7366ed68564abf42cf6c5623c071131f1da1821910000000f09f909f092f4632506f6f6c2f7300000000000000000000000000000000000000000000000000000000000000000000000500e19c4500	57	55	14598	97	169076590	145400.7969	481576590	414141.4062	1043433	897.3211	480.5785	0.4136	261.1225	0.2245	11.943488547668	312500000	268740.625	313543433	269637.9375	F2Pool
886001	00000000000000000000f008cdb56953ee339f50d032935b7177921c16576ec0	2025-03-02 11:00:23	2025-03-02 10:37:23	1675229	772828	3993713	538042368	2011e000	100000000100011110000000000000	8decdd1cb833de1a94b2e68eb57e6eb374117b2884b18abdd5a0b0c983b09b4f	1343377469	386042801	110568428300950	0000000000000000000000000000000000000000b1b6716a0eaf20f4a41d54fc	03f1840d04473ac4672f466f756e6472792055534120506f6f6c202364726f70676f6c642f21324395591f090000000000	2620	2454	9308	7202	502269104476	431936352	502581604476	432205088	3279818	2820.5452	1958.3704	1.6838	821.6016	0.7069	36933.360120477	312500000	268740.625	315779818	271561.1562	Foundry USA Pool
886002	00000000000000000001fd63b23054b7bfe9b5b079603d4a93b14f783752ba82	2025-03-02 11:33:54	2025-03-02 10:39:00	1597224	798844	3993756	536928256	2000e000	100000000000001110000000000000	ab2d9fe3c400c22b0c231db8a00ba9b947bbdc8c80c24d9842504e9385e756fe	949557294	386042801	110568428300950	0000000000000000000000000000000000000000b1b6d5fa2b23a801dd1422ca	03f2840d194d696e656420627920416e74506f6f6c20d4000b07d761bb56fabe6d6dfb86f3f14740a20c069fe263ebd0c88f3f3a1a750d5082ad72f1bf58c83a2d3110000000000000000000fa0dc74a000000000000	3907	3634	7834	10259	1111610013665	955951232	1111922513665	956220032	5311644	4567.8545	3326.597	2.8611	1330.6228	1.1446	178575.50058468	312500000	268740.625	317811644	273308.4688	AntPool
886003	0000000000000000000129cecd019f9a73756a8e76a23dc56d6a97053a8129f2	2025-03-02 12:30:58	2025-03-02 10:40:38	1543069	816798	3993463	537075712	20032000	100000000000110010000000000000	584b5fa04f5d27c16e6aac79dba4bd3bd4d6b411b33fea00c7a213057d67ffb5	244686507	386042801	110568428300950	0000000000000000000000000000000000000000b1b73a8a47982f0f160af098	03f3840d1d506f7765726564206279204c75786f72205465636868004501ebd23e3efabe6d6d384bd8d82a790b4b157ff6088480b54f8780f9166eb2ed72c4e96cf54b0eff0a100000000000000000002b04008cd80400000000	4425	4111	7125	12121	1410751835388	1213204224	1411064335388	1213473024	7491645	6442.5898	4856.5366	4.1769	1876.8268	1.6142	25955.709398515	312500000	268740.625	319991645	275183.2188	Unknown
886004	00000000000000000002072fbc723331d14a1f6ef01013f599e4d76d10a529a1	2025-03-02 12:40:58	2025-03-02 10:45:27	1574387	806397	3993578	548462592	20b0e000	100000101100001110000000000000	e634cf23553e32e4f7c4b7ed8b978584973346cf73f6d50f4581e21fd18a7567	2402495001	386042801	110568428300950	0000000000000000000000000000000000000000b1b79f1a640cb61c4f01be66	03f4840d182f5669614254432f4d696e6564206279206d696d3030302f2cfabe6d6d93da39eb7abde0ba723d3d2ac2c3afbfb7d7625077e001eb651d3640c0ab3525100000000000000010f00a220324c59c56413083cb0000000000000000	3016	2733	7894	9496	497714163827	428019264	498026663827	428288000	4833472	4156.6411	3070.899	2.641	1210.7963	1.0414	32800.089548069	312500000	268740.625	317333472	272897.2812	ViaBTC
886005	00000000000000000001c241e9099b0684154d870bcd465fe7a5898393ce7d69	2025-03-02 12:55:28	2025-03-02 10:45:28	1722878	756920	3993638	570425344	22000000	100010000000000000000000000000	5b725e89c93bab13d121229fd1c207f3be83e5d489ea13a96c3331fa6ed74b62	1435409202	386042801	110568428300950	0000000000000000000000000000000000000000b1b803aa80813d2987f88c34	03f5840d044155c4672f466f756e6472792055534120506f6f6c202364726f70676f6c642f048c0b1e0000216dccd35100	3406	3208	8513	8687	750495464712	645403584	750807964712	645672320	4660514	4007.9023	2705.7974	2.3271	1167.491	1.0036	54346.918328358	312500000	268740.625	317160514	272748.5312	Foundry USA Pool
886006	00000000000000000001a90dd52b65a2565ade6e2ebecb5b7f503abe9ff4984b	2025-03-02 13:12:41	2025-03-02 11:00:23	1618635	791678	3993669	872415232	34000000	110100000000000000000000000000	8b343e15e7c6b27142908574e1d68f7f77913af3ea0f2be99ae32afd3ff9affb	2317487693	386042801	110568428300950	0000000000000000000000000000000000000000b1b8683a9cf5c436c0ef5a02	03f6840d044959c4672f466f756e6472792055534120506f6f6c202364726f70676f6c642f0c9684a22dc27a0000000000	3180	2968	8161	9210	628707763226	540669824	629020263226	540938560	4428115	3808.0461	2736.487	2.3529	1109.2648	0.9537	9612.6032416364	312500000	268740.625	316928115	272548.6562	Foundry USA Pool
886007	000000000000000000004d55a86cd383a6e792937b64a7c32301d0113374b321	2025-03-02 13:24:43	2025-03-02 11:33:54	1669564	774567	3993265	789143552	2f096000	101111000010010110000000000000	1e2f6b99273b21a8b2b8b335328fae5ca737830ff7624906b012e2ebe4c3af14	996159500	386042801	110568428300950	0000000000000000000000000000000000000000b1b8cccab96a4b43f9e627d0	03f7840d0f2f736c7573682fe500c702fe79613afabe6d6da0929769fcf434df648ba6b7408086bf2222c8cf2828eb50fc8eecfa9fa64ce410000000000000000000932c5f00000000000000	3086	2903	8683	7968	520687778963	447775872	521000278963	448044608	3336068	2868.9185	1998.6185	1.7191	835.7166	0.7189	54333.055978383	312500000	268740.625	315836068	271609.5312	SlushPool
886008	00000000000000000001d31f036e9143ba86d1c266ba9692db4649857e481024	2025-03-02 13:34:46	2025-03-02 12:30:58	1668344	775124	3993716	549453824	20c00000	100000110000000000000000000000	add887a2a4b85439b9603591c6a0951a8df4bbff3135826dead9b8355ce83836	1187512356	386042801	110568428300950	0000000000000000000000000000000000000000b1b9315ad5ded25132dcf59e	03f8840d048b5ec467537069646572506f6f6c2f3130392ffabe6d6d877bb56eb0264333dae9a358b0bad5a3b0d4710369c521b3f7b64abe5e2eaf73100000009d70dd5873044ab87b000c5b18c9030000000000	2311	2156	9362	6168	467723314371	402228032	468035814371	402496768	3750671	3225.4646	2248.7737	1.9341	939.56	0.8084	32037.342916097	312500000	268740.625	316250671	271966.0938	SpiderPool
886009	00000000000000000000da08286dfd2f49aedba0bdb9b49c30d33a86c156e48b	2025-03-02 13:49:22	2025-03-02 12:40:58	1634513	786352	3993569	886136832	34d16000	110100110100010110000000000000	e263a400e76f90da0637512c4ca32a9580a6a54c85f50003d64885a925fe7a23	3596933393	386042801	110568428300950	0000000000000000000000000000000000000000b1b995eaf253595e6bd3c36c	03f9840d1b4d696e6564206279204c75786f7220546563686800160707dc09fafabe6d6d6a3c887c47a20cc8d9f3f33c5406878780c35a927c5944df5164f2b4c6f57a3b1000000000000000000040760024260100000000	2722	2484	8496	7115	469049380828	403368384	469361880828	403637152	4382865	3769.1323	2682.233	2.3064	1097.9756	0.9442	103862.29198724	312500000	268740.625	316882865	272509.75	Unknown
886010	000000000000000000019dc06de2f804037f0bfc03f0fff6dd4f958fe7cb3d66	2025-03-02 13:59:56	2025-03-02 12:55:28	1972748	673593	3993527	538370048	2016e000	100000000101101110000000000000	5687a04c95444d9cba6753647defc3083bab37f160a735af9dc5415ad21a5ab9	1183674138	386042801	110568428300950	0000000000000000000000000000000000000000b1b9fa7b0ec7e06ba4ca913a	03fa840d045d64c4672f466f756e6472792055534120506f6f6c202364726f70676f6c642f2c3871c6db5f160000000000	2302	2149	8661	6309	311699259704	268052016	312011759704	268320752	3570727	3070.718	1810.4491	1.5565	894.5166	0.7697	7859.603568334	312500000	268740.625	316070727	271811.3438	Foundry USA Pool
886011	000000000000000000002a7d4dba911d1fd05453d751c8a57e908e948c740148	2025-03-02 14:11:14	2025-03-02 13:12:41	1606892	795391	3993065	823984128	311d0000	110001000111010000000000000000	92caa873f62a5065422dc9cd9ca2fd7e3aad6d2355e89ef0b7a26a866bf378c0	104740947	386042801	110568428300950	0000000000000000000000000000000000000000b1ba5f0b2b3c6778ddc15f08	03fb840d040367c4672f466f756e6472792055534120506f6f6c202364726f70676f6c642f0d3ff9a5a701000000000000	3099	2918	8061	7372	367682799516	316196192	367995299516	316464928	3528164	3034.1152	2196.2734	1.8885	883.9563	0.7602	9927.0073454087	312500000	268740.625	316028164	271774.75	Foundry USA Pool
886012	000000000000000000016a3286b8a833d3b8b462464c9c755e9662e84d5b6d19	2025-03-02 14:45:12	2025-03-02 13:24:43	1572428	806930	3993218	783417344	2eb20000	101110101100100000000000000000	45eb15b2ab107486b4f4454aab04811fe7eb4732c155a22a28e8a8bf7f3d6832	505178468	386042801	110568428300950	0000000000000000000000000000000000000000b1bac39b47b0ee8616b82cd6	03fc840d04d56ec4677c204d415241204d61646520696e2055534120f09f87baf09f87b8207c763032fabe6d6d2ce6d437e985aad206ca2cae0f76d8683a20d718742608d316b447a90f1ea5c701000000000000001261b2840c0000000000ffffffff	3582	3331	7675	10482	858530212877	738310208	858842712877	738578944	6349214	5460.1338	4038.7397	3.4734	1590.5139	1.3682	25172.627616907	312500000	268740.625	318849214	274200.75	Unknown
886013	00000000000000000002623f00f7d7925aaf931aff9b2d83340b75e5cdbcbdb1	2025-03-02 14:52:26	2025-03-02 13:34:46	1491180	834165	3993675	549978112	20c80000	100000110010000000000000000000	9c0bb0825a4bb9a7abd43d2f2dc23f8e82b73a6b4fa1c89cf93feae3236adf5a	2046567601	386042801	110568428300950	0000000000000000000000000000000000000000b1bb282b642575934faefaa4	03fd840d04ab70c4672f466f756e6472792055534120506f6f6c202364726f70676f6c642f4484f73ae6a7000000000000	3223	2882	7602	8856	680650487525	585339008	680962987525	585607744	4089380	3516.7441	2743.2249	2.3589	1024.4084	0.8806	32854.270099978	312500000	268740.625	316589380	272257.375	Foundry USA Pool
886014	0000000000000000000091cf63cb16e09bb6c60662673e9d35fd696faf112691	2025-03-02 14:57:39	2025-03-02 13:49:22	1648618	781470	3993028	1073733632	3fffe000	111111111111111110000000000000	a45182d9b09e791c1568d4663fd218d756cb5897b48ca428628b05f8d1688096	160872230	386042801	110568428300950	0000000000000000000000000000000000000000b1bb8cbb8099fca088a5c872	03fe840d20202020204d696e656420627920536563706f6f6c2020202070000000203e0809fabe6d6dd8510c9fb7508045bbb05cabac0a157356ba99e0e1cfec3e3826eeda965e1b5c10000000000000000000e982ae3d0000	2768	2535	8723	7081	1327829849679	1141893888	1328142349679	1142162560	2707511	2328.3782	1642.7676	1.4129	678.3661	0.5831	44757.243176428	312500000	268740.625	315207511	271069	Unknown
886015	000000000000000000011584ab6e3d627f03fe8725047d8c89f183be14751e91	2025-03-02 14:58:24	2025-03-02 13:59:56	2028470	641381	3952613	693510144	29562000	101001010101100010000000000000	799eaf9636aab6af185f7e9c25fabba6131ee4169bdbd216dcbb4dd9648b7928	3648891001	386042801	110568428300950	0000000000000000000000000000000000000000b1bbf14b9d0e83adc19c9640	03ff840d2cfabe6d6dc297c4baf52553f06b4454ae34998614a7532d20679b124ed7b34bda06a5143f10000000f09f909f092f4632506f6f6c2f6800000000000000000000000000000000000000000000000000000000000000000000000500b9430000	702	688	13414	2404	45943076739	39509668	46255576739	39778408	1231403	1058.9696	607.23004	0.522	311.71216	0.2683	364.84078386717	312500000	268740.625	313731403	269799.5938	F2Pool
886016	00000000000000000000957fb11620d739553bfdd42ff4f57ac96db9eabbcacb	2025-03-02 15:14:45	2025-03-02 14:11:14	1708915	761520	3993475	749731840	2cb00000	101100101100000000000000000000	7d0cd146ac6a60c9875e516b7c33f83f021204570aa4f90c6a27947fd4328fbb	2273560976	386042801	110568428300950	0000000000000000000000000000000000000000b1bc55dbb9830abafa93640e	0300850d20202020204d696e656420627920536563706f6f6c20202020700044012665e15cfabe6d6d79cdc8507022f23cac02e56ec16e9f0099b091b22929feaaf2d25a525845f42810000000000000001a81000030540100	3071	2863	8603	8822	747551550899	642871936	747864050899	643140672	4970414	4274.4067	2909.334	2.5017	1245.1963	1.0707	10607.056302368	312500000	268740.625	317470414	273015.0312	Unknown
886017	0000000000000000000080259b7001fcb281d72273c3ed016c4aa6b8a8cce5ea	2025-03-02 15:27:22	2025-03-02 14:45:12	1762466	743660	3993446	536952832	20014000	100000000000010100000000000000	5c9a9ea16d616a709712bad10b6922d845701d8507f65000a42df9f3ffaed2f5	2588673659	386042801	110568428300950	0000000000000000000000000000000000000000b1bcba6bd5f791c8338a31dc	0301850d1062696e616e63652fe500d3022ae81e04fabe6d6d096e3f8f43e3a2536d380a63e5e727cfb717b726dd5a1a7f28af62123c12f6db100000000000000000005d5bb578130000000000	3504	3309	6578	10234	748833192717	643974080	749145692717	644242816	3703784	3185.1431	2102.034	1.8077	927.87366	0.7981	11257.422734841	312500000	268740.625	316203784	271925.7812	Binance
886018	0000000000000000000163bf2312adf40afcff8d7b1d05e491b9c18fd934f9e5	2025-03-02 16:23:43	2025-03-02 14:52:26	1521780	823954	3993642	809304064	303d0000	110000001111010000000000000000	56779714fd13dc9fb23301edf5d109177645be22f116a7c1f3e0d4f8122f95fd	726608219	386042801	110568428300950	0000000000000000000000000000000000000000b1bd1efbf26c18d56c80ffaa	0302850d194d696e656420627920416e74506f6f6c20b90044023f0eef5cfabe6d6d30132c9d013ec30331074eaec3ef843dbf4c6ad5df0d1cf5852220b86bd4764d1000000000000000000013d6fac3040000000000	3278	2999	6981	12959	1113079948560	957215360	1113392448560	957484096	11080426	9528.834	7283.6396	6.264	2775.8428	2.3873	30268.558592631	312500000	268740.625	323580426	278269.4688	AntPool
886019	0000000000000000000106480c93aaba8829ff9d15e2e4cab3cc78c40ec3503a	2025-03-02 16:37:34	2025-03-02 14:57:39	1633329	786708	3993453	589930496	2329a000	100011001010011010000000000000	93e9c2f81f0ae7a45e68445c8e426bcd780c6c822b6201696d45352f30c4ea3e	2387867722	386042801	110568428300950	0000000000000000000000000000000000000000b1bd838c0ee09fe2a577cd78	0303850d044e89c4672f466f756e6472792055534120506f6f6c202364726f70676f6c642f3e01dfe01932010000000000	3272	2991	8141	9687	1520214897193	1307339264	1520527397193	1307607936	7993017	6873.7549	4895.0757	4.2096	2002.3987	1.7217	88405.521953906	312500000	268740.625	320493017	275614.375	Foundry USA Pool
886020	000000000000000000006a6ae4f529ded42ef6ee585213a7d5beab180c32b546	2025-03-02 16:40:26	2025-03-02 14:58:24	1674854	772652	3992810	649248772	26b2c004	100110101100101100000000000100	a243aae6325cca363d035d939c1f1607d3ca6a207115285c575715530d7a8468	2795973983	386042801	110568428300950	0000000000000000000000000000000000000000b1bde81c2b5526efde6e9b46	0304850d04fb89c4672f53424943727970746f2e636f6d20506f6f6c2f099f10727536000000000000	3911	3638	8651	8534	786666941085	676509952	786979441085	676778688	5421159	4662.0342	3237.3535	2.7837	1358.0867	1.1678	20888.073226221	312500000	268740.625	317921159	273402.6562	SBICrypto
886021	000000000000000000012b7934bb0e26e4ebb12b62290c6407ad252e8d254ffc	2025-03-02 16:42:04	2025-03-02 15:14:45	1626853	788910	3993583	536920064	2000c000	100000000000001100000000000000	08a1b5de63874ab5259ef59d2a34828bbf682c78e1e2ff36cd80c2ca5057647a	1743104651	386042801	110568428300950	0000000000000000000000000000000000000000b1be4cac47c9adfd17656914	0305850d194d696e656420627920416e74506f6f6c2014018100459fd28efabe6d6d1f71917ce8d71f12221e180a0811d1dbba841ada30c495460f585bf39361b4b31000000000000000000011dc7f49000000000000	2361	2164	9091	7116	179998612531	154793408	180311112531	155062144	4116786	3540.3125	2531.3054	2.1766	1031.343	0.8866	43528.525972238	312500000	268740.625	316616786	272280.9375	AntPool
886022	000000000000000000012e7d9b0a1a4ac51529cb904b2d15f45a0be41acfcbb0	2025-03-02 16:50:33	2025-03-02 15:27:22	1561294	810694	3993376	538968064	20200000	100000001000000000000000000000	d4c38b9a2afdfe017fdd83701fa1171965fefbe1598cbc22b825b5774b7f39a8	3030862204	386042801	110568428300950	0000000000000000000000000000000000000000b1beb13c643e350a505c36e2	0306850d122f5669614254432f5472757374706f6f6c2f2cfabe6d6d5b2bb7801f60e99cf9261543c0f23bd563aaa80049e8a11d827e32ee6584e185100000000000000010fd0eef039e52811cd49c65535ab8110000000000	3229	2930	8293	9843	1434787942512	1233874560	1435100442512	1234143360	5646681	4855.9761	3617.6428	3.1114	1414.5701	1.2169	61884.198876971	312500000	268740.625	318146681	273596.5938	ViaBTC
886023	00000000000000000000735bb7d1d9a3d71da8673f35030e386f1a759c9f0c96	2025-03-02 16:52:14	2025-03-02 16:23:43	1672110	773850	3993660	654745600	2706a000	100111000001101010000000000000	12717b41072bf2e69202601db725e53976543335f3f8821faae97dc44adb82aa	3980128123	386042801	110568428300950	0000000000000000000000000000000000000000b1bf15cc80b2bc17895304b0	0307850d20202020204d696e656420627920536563706f6f6c20202020700042074941d041fabe6d6de1602752848d387e3d0d34646e858a97a6bc1630bacf2ba0609dd68e5d6a52df100000000000000023af0000b71f0000	2195	2025	8958	6751	278431747322	239442944	278744247322	239711696	3006452	2585.4585	1798.5131	1.5471	753.1464	0.6476	38844.13491261	312500000	268740.625	315506452	271326.0938	Unknown
886024	00000000000000000000e7cb485f396436b2aa2059f55b03dfe5a24cf0ec809f	2025-03-02 17:14:04	2025-03-02 16:37:34	1576585	805664	3993577	737583104	2bf6a000	101011111101101010000000000000	4f225834f7f7946af91efaa09c2c87cc60133bd3103b99379b9a02e2716e91e0	2446853420	386042801	110568428300950	0000000000000000000000000000000000000000b1bf7a5c9d274324c249d27e	0308850d04dc91c4672f466f756e6472792055534120506f6f6c202364726f70676f6c642f4e0216bb000028bd55030000	3617	3301	7562	11394	1381778580579	1188288128	1382091080579	1188556928	7376649	6343.6968	4680.2437	4.0247	1847.9297	1.5892	34188.029557091	312500000	268740.625	319876649	275084.3125	Foundry USA Pool
886025	00000000000000000001c0a1a4e271291594ec72be6b21d21e4b24c064547c67	2025-03-02 17:29:23	2025-03-02 16:40:26	1578477	805103	3993786	536879104	20002000	100000000000000010000000000000	9c997d963d2458e5b359926fbbcb030a9623b65c049121ca3fe12efe63ba0546	2083537566	386042801	110568428300950	0000000000000000000000000000000000000000b1bfdeecb99bca31fb40a04c	0309850d194d696e656420627920416e74506f6f6c20b9000a07568aa733fabe6d6dd4668d86bec242cf0ea1a272d6452e858cd3d958f024ae3be875492bec46a26310000000000000000000df767943010000000000	3669	3264	7729	10467	932215001883	801676928	932527501883	801945664	6566622	5647.0981	4161.4287	3.5783	1644.9956	1.4147	214515.18573579	312500000	268740.625	319066622	274387.7188	AntPool
886026	00000000000000000001b5237227b124393b548287d6743c285b68512aa8ed90	2025-03-02 17:30:01	2025-03-02 16:42:04	1537731	818541	3993354	600711168	23ce2000	100011110011100010000000000000	d028f292505447660449470d31d10e85e56fd967e676d658ec7a2dafaedde671	1264656828	386042801	110568428300950	0000000000000000000000000000000000000000b1c0437cd610513f34376e1a	030a850d049995c4672f466f756e6472792055534120506f6f6c202364726f70676f6c642f3285f1e9a400000000000000	2720	2568	8267	7165	261681679700	225038400	261994179700	225307136	2852350	2452.9355	1855.4634	1.5952	714.58417	0.6149	68763.948524222	312500000	268740.625	315352350	271193.5625	Foundry USA Pool
886027	000000000000000000005fa7a4728458ca5ee7ab9a21a98c3432a3da7233aafd	2025-03-02 17:43:31	2025-03-02 16:50:33	1589297	801385	3993452	622501888	251aa000	100101000110101010000000000000	9db6e5bb0ec231b5735721495a2723f7e24a8395753436c97c1f04cf1ac92bc3	3829169162	386042801	110568428300950	0000000000000000000000000000000000000000b1c0a80cf284d84c6d2e3be8	030b850d04c498c4672f466f756e6472792055534120506f6f6c202364726f70676f6c642f0a002285c50a000000000000	3185	2857	7809	9730	1167079186583	1003653120	1167391686583	1003921856	5986299	5148.0376	3767.7239	3.2404	1499.6791	1.29	45479.92033664	312500000	268740.625	318486299	273888.6562	Foundry USA Pool
886028	000000000000000000024695100944a6bf15543e69fbaf3b3c53bafd5787fd54	2025-03-02 17:58:33	2025-03-02 16:52:14	1578972	804851	3993525	939515904	37ffe000	110111111111111110000000000000	c2ec25e028f6c372a94dbc1ce6fb17d622704f265e7e58e0c168626d704546c7	448358912	386042801	110568428300950	0000000000000000000000000000000000000000b1c10c9d0ef95f59a62509b6	030c850d122f5669614254432f5472757374706f6f6c2f2cfabe6d6d6bc8bbded2cf0162fbca68ec552e4660c768e80208c6ddd23e7a0743148c95c5100000000000000010a129aa0698174baf571825670255690000000000	3347	3018	7882	9977	1312532488467	1128738560	1312844988467	1129007360	6499453	5589.3345	4117.354	3.5405	1628.1403	1.4	30727.634610457	312500000	268740.625	318999453	274329.9688	ViaBTC
886029	00000000000000000001e68bb1026776697687bf9ea6d2653c1dffadfe33d377	2025-03-02 17:58:35	2025-03-02 17:14:04	1759248	744770	3993558	615186432	24ab0000	100100101010110000000000000000	583e9891acee467a0ddbef82fc51702fe0bbf204f93e88e658749094be87cb2d	4035002914	386042801	110568428300950	0000000000000000000000000000000000000000b1c1712d2b6de666df1bd784	030d850d1b4d696e656420627920416e74506f6f6c3936311401520160fc2110fabe6d6da01016598a0f6231b53c90c0dedc0c3ea70ea450f94402878a430f422a2ffc6810000000000000000000e9456000000000000000	1976	1875	8723	4694	134110355537	115330880	134422855537	115599624	2204561	1895.8563	1253.4874	1.0775	552.29425	0.4747	182177.34100881	312500000	268740.625	314704561	270636.4688	AntPool
886030	000000000000000000021ca58a6a5cbb1dd3fb5bf24b954915cd2ff7d7fe57e2	2025-03-02 17:58:57	2025-03-02 17:29:23	1935595	685967	3993496	939524096	38000000	111000000000000000000000000000	b84686573d8371c25129eba597a58dc87d2288bc3d5f5fbb82db998c97e2e76b	1062568818	386042801	110568428300950	0000000000000000000000000000000000000000b1c1d5bd47e26d741812a552	030e850d122f5669614254432f5472757374706f6f6c2f2cfabe6d6d6c068decd671dc4d33bbdf69cbb15148aee55ceaa0c04243c7cb66ae6559afa7100000000000000010ae29b0040d3aa0e7540be54427aa010000000000	1970	1955	11069	5818	41942786275	36069536	42255286275	36338280	1176637	1011.8725	608.0265	0.5229	294.75467	0.2537	469483.48846205	312500000	268740.625	313676637	269752.5	ViaBTC
886031	00000000000000000000f9a7e9e559c5f13142de587522982044247c4c0ff9bb	2025-03-02 18:32:19	2025-03-02 17:30:01	1525590	819519	3984147	704544768	29fe8000	101001111111101000000000000000	65a8809d9653bed60182e4d270f28c9c2cb7326969a2315e4bceea551e2f88a6	1954370586	386042801	110568428300950	0000000000000000000000000000000000000000b1c23a4d6456f48151097320	030f850d1e3c204f4345414e2e58595a203e0f456c656b74726f6e20456e657267790007155cb484e5600f	3433	3058	7214	11755	1804078153827	1551453056	1804390653827	1551721856	8807805	7574.4482	5776.697	4.968	2212.601	1.9031	39817.557115028	312500000	268740.625	321307805	276315.0625	Unknown
886032	00000000000000000001ec0059b2d61a15cdc211301d4e6ecce20fdaf9a7180c	2025-03-02 18:35:56	2025-03-02 17:43:31	1731520	753952	3993376	579035136	22836000	100010100000110110000000000000	a1e9bd03faaacb9a0fc6c22e88d0676a08fbb5e18122291d070f769f9586ce01	3826092321	386042801	110568428300950	0000000000000000000000000000000000000000b1c29edd80cb7b8e8a0040ee	0310850d0f2f736c7573682fe500c7026e42ef83fabe6d6de8792b861960a1d0407d215c03712c8e8ce88e933bc50436e57eeeb202b6a346100000000000000000003443cd00000000000000	3518	3203	9393	7568	1113627190447	957685952	1113939690447	957954688	5415791	4657.418	3128.448	2.69	1356.6692	1.167	52055.077874249	312500000	268740.625	317915791	273398.0312	SlushPool
886033	000000000000000000000f9f899cc405913f3cfa9c3bb3b7c36d126dde396325	2025-03-02 18:42:30	2025-03-02 17:58:33	1412472	860370	3993582	664084480	27952000	100111100101010010000000000000	2ecc24690a605e5f7a2fac459f281e53894f3a9fb1993c729c8876de1cf0032b	2434819159	386042801	110568428300950	0000000000000000000000000000000000000000b1c3036d9d40029bc2f70ebc	0311850d0496a6c4672f466f756e6472792055534120506f6f6c202364726f70676f6c642f4d80d00c0695000000000000	2393	2091	7468	7468	520218285178	447372128	520530785178	447640864	5383108	4629.3115	3812.367	3.2782	1348.5247	1.1601	17821.254750517	312500000	268740.625	317883108	273369.9375	Foundry USA Pool
886034	000000000000000000000b334b6ea912ebc96505add2a4c7799aec32b0c17d4a	2025-03-02 18:43:14	2025-03-02 17:58:35	1800336	731053	3993495	538075136	20126000	100000000100100110000000000000	c2818f032a2b2c9d9b41cb1a2b82966ddcdcc8001be98d849162d098c4ec55a3	560652728	386042801	110568428300950	0000000000000000000000000000000000000000b1c367fdb9b489a8fbeddc8a	0312850d1c4d696e656420627920416e74506f6f6c3936311401520170f5033801fabe6d6db10db492b6d09e116f652ed083663a0bfa4965b4b1dabaf5f772a3c79661224d1000000000000000000034702b0f000000000000	1932	1832	8081	5098	74048712567	63679672	74361212567	63948412	2182023	1876.4744	1212.3502	1.0423	546.65717	0.4704	506590.77800897	312500000	268740.625	314682023	270617.0938	AntPool
886035	000000000000000000006a96f7c529f93728f8bd49c90daee9d37f564426db45	2025-03-02 19:13:30	2025-03-02 17:58:57	1571811	807243	3993540	556892160	21318000	100001001100011000000000000000	ca42e0e9cd93abc49a22dc7a9a0e1d97fb2792fb336aa1f65d508c25c1c57e9d	1711531461	386042801	110568428300950	0000000000000000000000000000000000000000b1c3cc8dd62910b634e4aa58	0313850d04daadc4672f466f756e6472792055534120506f6f6c202364726f70676f6c642f328186a5ba9b020000000000	3591	3238	7613	11105	925279432705	795712576	925591932705	795981312	8628124	7419.9277	5490.8955	4.7221	2161.4578	1.8584	37198.424331369	312500000	268740.625	321128124	276160.5625	Foundry USA Pool
886036	00000000000000000001a9983e662a567774aaa649ad65a23b985b8e0dff01b6	2025-03-02 19:36:16	2025-03-02 18:32:19	1549003	814765	3993298	663207936	2787c000	100111100001111100000000000000	641d9dccb01c34a81ed82985ac677941964d30715c34be8b85fa627cbfd1e736	2993846612	386042801	110568428300950	0000000000000000000000000000000000000000b1c4311df29d97c36ddb7826	0314850d1a2f5669614254432f4d696e656420627920736c6174797261752f2cfabe6d6d245235ec6af72d4623f77cfdc8f293596d51bad2fa5e862190ae0065faa10407100000000000000010552b42065e2c28c1d8896dda61ef010000000000	4190	3868	7520	11614	1383070106818	1189398784	1383382606818	1189667584	7415269	6376.9087	4788.4497	4.1175	1857.6765	1.5978	90478.896761822	312500000	268740.625	319915269	275117.5312	ViaBTC
886037	000000000000000000014c3da17e0e8cc45fc6fcb17b9c798c74c1e6c7f4a4ed	2025-03-02 19:53:03	2025-03-02 18:35:56	1617810	791927	3993591	543162368	20600000	100000011000000000000000000000	6a024675d86cd52e96921f910f74dd2cf58f23612a4e7c565977b866d6c6c896	4145375234	386042801	110568428300950	0000000000000000000000000000000000000000b1c495ae0f121ed0a6d245f4	0315850d192f5669614254432f4d696e656420627920746f6d617437362f2cfabe6d6de19d40f4d013c63f1fefc278a1412e56499fbf17a5465e8817a0634691aa09011000000000000000109b2b7307e28e714a41834401fa94850000000000	3459	3112	7574	11339	886372280028	762253568	886684780028	762522304	7025630	6041.8311	4343.8286	3.7357	1759.9331	1.5135	49506.568711613	312500000	268740.625	319525630	274782.4688	ViaBTC
886038	00000000000000000000aa1ba3774e10ed475caa617cab5bc12548177317b56e	2025-03-02 20:15:36	2025-03-02 18:42:30	1584092	803095	3993377	589955072	232a0000	100011001010100000000000000000	3da8b5fff0976d7b4db27595e3f230a38754c7256ce51ab981acf1273c7a0dc2	1806991151	386042801	110568428300950	0000000000000000000000000000000000000000b1c4fa3e2b86a5dddfc913c2	0316850d0469bcc4672f466f756e6472792055534120506f6f6c202364726f70676f6c642f3608fb5620eb010000000000	3601	3303	7229	11986	902566481953	776180096	902878981953	776448832	7207459	6198.1987	4551.2207	3.9137	1805.6362	1.5531	20513.452696229	312500000	268740.625	319707459	274938.8125	Foundry USA Pool
886039	0000000000000000000002fd27c7199db2a4efbb3b4cbd6d74c3ada2a16db14a	2025-03-02 20:43:53	2025-03-02 18:43:14	1438552	851723	3993721	536887296	20004000	100000000000000100000000000000	2e6e947385249d3d4d747bc6afd8ec69569eae4d668f2da8968f3b4b9afb9434	3797000480	386042801	110568428300950	0000000000000000000000000000000000000000b1c55ece47fb2ceb18bfe190	0317850d1b4d696e656420627920416e74506f6f6c3830369c008e019c1a2aa0fabe6d6ddfea399977ee032c36b5148746fda1d8051f57892c3f1771767f8c2c2f5f641810000000000000000000bd6f047cf70200000000	3238	2896	6925	11074	2519155381620	2166397952	2519467881620	2166666752	8695588	7477.9448	6046.808	5.2002	2178.3599	1.873	34146.697170825	312500000	268740.625	321195588	276218.5625	AntPool
886040	000000000000000000019b3df688119280b0200a260fd76b7473d176d66d78c2	2025-03-02 20:44:40	2025-03-02 19:13:30	1702077	763824	3993549	680255488	288be000	101000100010111110000000000000	d4a6c71e9d4d3cbd540f05a5c58e6c7b4c53ebef79a421c19a5dd824633d3505	587090486	386042801	110568428300950	0000000000000000000000000000000000000000b1c5c35e646fb3f851b6af5e	0318850d0439c3c4672f466f756e6472792055534120506f6f6c202364726f70676f6c642f3d976bd14e07000000000000	2787	2522	9186	7366	432179151271	371661120	432491651271	371929856	4768404	4100.6846	2802.278	2.4096	1194.5448	1.0277	32868.875542348	312500000	268740.625	317268404	272841.3125	Foundry USA Pool
886041	000000000000000000008dac6bfa313128244c9be5173ce0ba78c60353509d05	2025-03-02 20:48:13	2025-03-02 19:36:16	1516643	825638	3993557	598769664	23b08000	100011101100001000000000000000	89877089fc3b8662c32290ebbd7035380701cdac667cae9133dca2cb52795df6	1759971790	386042801	110568428300950	0000000000000000000000000000000000000000b1c627ee80e43b058aad7d2c	0319850d040ec4c4672f466f756e6472792055534120506f6f6c202364726f70676f6c642f260759c82906000000000000	3019	2699	8031	7214	306191670675	263315648	306504170675	263584384	4403240	3786.6543	2904.1614	2.4974	1103.0643	0.9485	67704.478749108	312500000	268740.625	316903240	272527.2812	Foundry USA Pool
886042	00000000000000000000b7920d8aba3fb4b1d6b50c6e9b718de302e727fea9b4	2025-03-02 21:04:09	2025-03-02 19:53:03	1597745	800107	3998066	538320896	20162000	100000000101100010000000000000	8782ba3c7434914a20319c1819e5afeb9548e11ca3602bf7da4fc58dc660ab00	3845882425	386042801	110568428300950	0000000000000000000000000000000000000000b1c68c7e9d58c212c3a44afa	031a850d2cfabe6d6d26629d125352500ac87d75c2161a0c3ebf956b6bea4d86d6698fdfb38c6c8b1810000000f09f909f092f4632506f6f6c2f730000000000000000000000000000000000000000000000000000000000000000000000050008db1e02	3409	3102	8117	9843	1165858533900	1002603392	1166171033900	1002872128	6213165	5343.1357	3890.0918	3.3453	1554.8843	1.3373	24942.03109839	312500000	268740.625	318713165	274083.75	F2Pool
886043	000000000000000000010579b43e93cbc2fc1d71db6429fef8ef205ae94254b8	2025-03-02 21:22:06	2025-03-02 20:15:36	1515535	825972	3993451	642203648	26474000	100110010001110100000000000000	c69e0ff6fd686432fdf52d7c04986b76d58f35606bc0ce4cf3b1013ff86319d5	4230172722	386042801	110568428300950	0000000000000000000000000000000000000000b1c6f10eb9cd491ffc9b18c8	031b850d04fecbc4672f466f756e6472792055534120506f6f6c202364726f70676f6c642f16566b92ce81010000000000	3453	3116	7479	10303	998426619382	858616960	998739119382	858885696	5948802	5115.791	3926.4077	3.3762	1490.2858	1.2814	43486.486303429	312500000	268740.625	318448802	273856.4062	Foundry USA Pool
886044	00000000000000000000dde1e66e75df56fcff4b42f4466caee9cfeadfd6a7fe	2025-03-02 21:31:29	2025-03-02 20:43:53	1720737	759105	3998052	580452352	22990000	100010100110010000000000000000	d25e0f95e18bd2fb6fbbca6e12036a90a8752d738e6410e048f1c17087762d60	67904095	386042801	110568428300950	0000000000000000000000000000000000000000b1c7559ed641d02d3591e696	031c850d2cfabe6d6df62b7bd1fa6ff3ddc7ed4b065dab7b40572a8a41f9b5cb8e27c1ec5d867d942f10000000f09f909f092f4632506f6f6c2f670000000000000000000000000000000000000000000000000000000000000000000000050005c30000	3073	2835	8832	8295	369727752750	317954784	370040252750	318223520	4790265	4119.4844	2784.7642	2.395	1198.7986	1.0311	72195.462001759	312500000	268740.625	317290265	272860.0938	F2Pool
886045	00000000000000000000067ea6e5d0535bab411015a0023aeb30d287028bcb0b	2025-03-02 21:49:39	2025-03-02 20:44:40	1597511	800203	3998120	845086720	325f0000	110010010111110000000000000000	3840f241d47d06ba8d3fde5c3e1dab4a69a9857c7c2296c87ef8304babb60ff3	197351728	386042801	110568428300950	0000000000000000000000000000000000000000b1c7ba2ef2b6573a6e88b464	031d850d2cfabe6d6d9f5518df78327ad085512cffe81b21d8f33c0622e43048b909e9f3e832c9602210000000f09f909f092f4632506f6f6c2f7300000000000000000000000000000000000000000000000000000000000000000000000500a9af4c02	3141	2827	7758	10066	698502596473	600691264	698815096473	600960000	6390311	5495.4756	4001.5898	3.4416	1599.1946	1.3751	51033.488135343	312500000	268740.625	318890311	274236.0938	F2Pool
886046	000000000000000000023d1c35bc2c749e767cf0a0a5125f4fda6455b79734f3	2025-03-02 22:01:14	2025-03-02 20:48:13	1683127	770183	3993676	807108608	301b8000	110000000110111000000000000000	ae22679e5b93e9fad9460c027c579cae01c4337dfe81c2c3515bf1d9b102aac4	541932892	386042801	110568428300950	0000000000000000000000000000000000000000b1c81ebf0f2ade47a77f8232	031e850d040fd5c4672f466f756e6472792055534120506f6f6c202364726f70676f6c642f4300e0780000000000000000	2639	2377	8666	9210	575052674734	494528064	575365174734	494796800	4438016	3816.5605	2637.4893	2.2677	1111.743	0.9563	35590.841834484	312500000	268740.625	316938016	272557.1875	Foundry USA Pool
886047	000000000000000000010b23b61495cd0c9db8855b49114e494147f2d3fd2217	2025-03-02 22:09:06	2025-03-02 21:04:09	1650279	780873	3992898	641548288	263d4000	100110001111010100000000000000	47d6b73f85a7cb58a401a92b379eb7e88bce257929245d3d7dc953df77cbb911	1863575386	386042801	110568428300950	0000000000000000000000000000000000000000b1c8834f2b9f6554e0765000	031f850d0120130909092009092009100a9e0000ba350000007e	2253	1863	8419	6545	302252491667	259928080	302564991667	260196816	3694444	3177.1111	2239.0515	1.9255	925.4837	0.7955	23585.671548349	312500000	268740.625	316194444	271917.75	Unknown
886048	00000000000000000002802a78215cf174ccd748fea5beca7f0c3090d5ce52b2	2025-03-02 22:26:37	2025-03-02 21:22:06	1573637	806681	3993680	694067200	295ea000	101001010111101010000000000000	954e7800ea0649c3ac7f9cd31a4f9c21d29006ea68dc2ecad0ef7021b02ceb0a	2744655167	386042801	110568428300950	0000000000000000000000000000000000000000b1c8e7df4813ec62196d1dce	0320850d041ddbc4672f466f756e6472792055534120506f6f6c202364726f70676f6c642f48a3b31a6614000000000000	3054	2784	7863	9639	1184190805153	1018368576	1184503305153	1018637312	4938933	4247.334	3139.4644	2.6994	1237.2238	1.0638	34183.335608838	312500000	268740.625	317438933	272987.9688	Foundry USA Pool
886049	00000000000000000001488ffd9d20ec9fabb790af66179019cf49ae90fa8694	2025-03-02 22:31:37	2025-03-02 21:31:29	1640316	784531	3993909	536895488	20006000	100000000000000110000000000000	7af8d6c48afa8778052323a9b9636596a5f56bb00844f9baf4ae2cdbbd4997aa	3692700936	386042801	110568428300950	0000000000000000000000000000000000000000b1c94c6f6488736f5263eb9c	0321850d1d4d696e656420627920416e74506f6f6c313032339c015b00c2a20d6a01fabe6d6d58537c22475a8bc9043cad62f0d84b0e5f2bb934a2470b43a658be9f05475eab100000000000000000007b83f69b000000000000	1957	1785	7449	4763	417858279995	359345600	418170779995	359614336	2647912	2277.125	1614.7695	1.3889	663.3071	0.5702	1849320.3850563	312500000	268740.625	315147912	271017.75	AntPool
886050	00000000000000000000f82f29cf257d737ac406c57a773dfced722f65351760	2025-03-02 22:50:12	2025-03-02 21:49:39	1555699	814139	3998116	771751936	2e000000	101110000000000000000000000000	ff44d3c8cf0758c8a720b49493009d05a593c58d798cb52c15f8746c14152c15	872623801	386042801	110568428300950	0000000000000000000000000000000000000000b1c9b0ff80fcfa7c8b5ab96a	0322850d2cfabe6d6d8b65148fdbd5a76a0857e1d91feb272d2962d8bbc6a559870e3a7df018aa723310000000f09f909f092f4632506f6f6c2f670000000000000000000000000000000000000000000000000000000000000000000000050056814900	2665	2376	7279	8164	800573447574	688469120	800885947574	688737920	5049734	4342.6196	3247.1438	2.7923	1263.7124	1.087	78790.413006173	312500000	268740.625	317549734	273083.25	F2Pool
886051	00000000000000000002399744ac7a6a59a8534450a56feafb83208008446a4a	2025-03-02 22:53:47	2025-03-02 22:01:14	1466586	842276	3993414	721158144	2afc0000	101010111111000000000000000000	df269cf3e0f75ae8a5b1424bb26e1b02bf9c2ef6786bd97fe31912f11e78a746	3060974688	386042801	110568428300950	0000000000000000000000000000000000000000b1ca158f9d718189c4518738	0323850d1b2f706f6f6c696e2e636f6d2f66702f3936331400ed00ca8f147801fabe6d6d6b08937dd66a64a90fdeac3835a139e7e40e8ed799231f0b466f494272fd932f10000000000000002aec00002443000000000000	1908	1795	8619	5455	152586616269	131219912	152899116269	131488656	2362163	2031.3893	1611.0815	1.3854	591.72925	0.5091	38739.453378162	312500000	268740.625	314862163	270772	Poolin
886052	000000000000000000009381638f5d28003d7de53bbd490c74e8b7773d55c639	2025-03-02 22:56:09	2025-03-02 22:09:06	1940212	684445	3993547	555638784	211e6000	100001000111100110000000000000	f78bfc57d101f49ee20e5734d251ba5de57f851d5753a4610d1b8251b8e7d675	1358767691	386042801	110568428300950	0000000000000000000000000000000000000000b1ca7a1fb9e60896fd485506	0324850d21202020204d696e656420627920536563706f6f6c2020202070001000cb68347501fabe6d6dd6e37aba0a6977a964227e13c6ca713adcee960fdc5af73a222e1cb434fbddf510000000000000002c260000d9300000	704	643	13681	2071	73322175062	63054872	73634675062	63323612	1725492	1483.8713	889.5513	0.7654	432.26575	0.3715	10168.508979621	312500000	268740.625	314225492	270224.5	Unknown
886053	0000000000000000000052876465e630fa551e2cb36b9765532fd5a66fe54132	2025-03-02 23:34:35	2025-03-02 22:26:37	1529203	821418	3993457	568999936	21ea4000	100001111010100100000000000000	26c3e3fe0da360a72ade3fd2adaaf94e7135b7abe30b76b95524461eca62ab17	2553625905	386042801	110568428300950	0000000000000000000000000000000000000000b1cadeafd65a8fa4363f22d4	0325850d040bebc4672f466f756e6472792055534120506f6f6c202364726f70676f6c642f3e8356b3584e030000000000	3609	3342	6919	13203	1306455349936	1123512448	1306767849936	1123781120	7653572	6581.8423	5006.4478	4.305	1917.3595	1.6486	31630.710204323	312500000	268740.625	320153572	275322.4688	Foundry USA Pool